Raw Data,,,,,,,,,,,,,,,,,,,,,,,,,,,,,,,,,,,,,,,,,,,,,,,,,,,,,,,,,,,,,,,,,,,,,,,,,,,,,,,,,,,,,,,,,,,,,,,,,,,,,,,,,,,,,,,,,,,,,,,,,,,,,,,,,,,,
,,,,,,,,,,,,,,,,,,,,,,,,,,,,,,,,,,,,,,,,,,,,,,,,,,,,,,,,,,,,,,,,,,,,,,,,,,,,,,,,,,,,,,,,,,,,,,,,,,,,,,,,,,,,,,,,,,,,,,,,,,,,,,,,,,,,
,,,,,,,,,,,,,,,,,,,,,,,,,,,,,,,,,,,,,,,,,,,,,,,,,,,,,,,,,,,,,,,,,,,,,,,,,,,,,,,,,,,,,,,,,,,,,,,,,,,,,,,,,,,,,,,,,,,,,,,,,,,,,,,,,,,,
,,,,,,,,,,,,,,,,,,,,,,,,,,,,,,,,,,,,,,,,,,,,,,,,,,,,,,,,,,,,,,,,,,,,,,,,,,,,,,,,,,,,,,,,,,,,,,,,,,,,,,,,,,,,,,,,,,,,,,,,,,,,,,,,,,,,
,,,,,,,,,,,,,,,,,,,,,,,,,,,,,,,,,,,,,,,,,,,,,,,,,,,,,,,,,,,,,,,,,,,,,,,,,,,,,,,,,,,,,,,,,,,,,,,,,,,,,,,,,,,,,,,,,,,,,,,,,,,,,,,,,,,,
,,,,,,,,,,,,,,,,,,,,,,,,,,,,,,,,,,,,,,,,,,,,,,,,,,,,,,,,,,,,,,,,,,,,,,,,,,,,,,,,,,,,,,,,,,,,,,,,,,,,,,,,,,,,,,,,,,,,,,,,,,,,,,,,,,,,
,,,,,,,,,,,,,,,,,,,,,,,,,,,,,,,,,,,,,,,,,,,,,,,,,,,,,,,,,,,,,,,,,,,,,,,,,,,,,,,,,,,,,,,,,,,,,,,,,,,,,,,,,,,,,,,,,,,,,,,,,,,,,,,,,,,,
,,,,,,,,,,,,,,,,,,,,,,,,,,,,,,,,,,,,,,,,,,,,,,,,,,,,,,,,,,,,,,,,,,,,,,,,,,,,,,,,,,,,,,,,,,,,,,,,,,,,,,,,,,,,,,,,,,,,,,,,,,,,,,,,,,,,
,,,,,,,,,,,,,,,,,,,,,,,,,,,,,,,,,,,,,,,,,,,,,,,,,,,,,,,,,,,,,,,,,,,,,,,,,,,,,,,,,,,,,,,,,,,,,,,,,,,,,,,,,,,,,,,,,,,,,,,,,,,,,,,,,,,,
,,,,,,,,,,,,ID,0(s),30(s),60(s),89(s),120(s),150(s),180(s),209(s),240(s),270(s),300(s),329(s),360(s),390(s),420(s),450(s),479(s),510(s),540(s),570(s),599(s),630(s),660(s),690(s),719(s),750(s),780(s),810(s),839(s),870(s),900(s),930(s),959(s),990(s),1020(s),1050(s),1079(s),1110(s),1140(s),1170(s),1199(s),1230(s),1260(s),1290(s),1320(s),1349(s),1380(s),1410(s),1440(s),1469(s),1500(s),1530(s),1560(s),1589(s),1620(s),1650(s),1680(s),1710(s),1739(s),1770(s),1800(s),1830(s),1860(s),1890(s),1919(s),1950(s),1980(s),2010(s),2040(s),2070(s),2100(s),2129(s),2160(s),2190(s),2220(s),2250(s),2280(s),2309(s),2340(s),2370(s),2400(s),2430(s),2460(s),2490(s),2519(s),2550(s),2580(s),2610(s),2640(s),2670(s),2700(s),2729(s),2760(s),2790(s),2820(s),2850(s),2880(s),2910(s),2939(s),2970(s),3000(s),3030(s),3060(s),3090(s),3119(s),3150(s),3180(s),3210(s),3240(s),3270(s),3299(s),3330(s),3360(s),3390(s),3420(s),3450(s),3480(s),3509(s),3540(s),3570(s)
,,,,,,,,,,,groep 3.1,A1,0.772,0.78,0.78,0.781,0.779,0.778,0.778,0.776,0.775,0.777,0.774,0.775,0.775,0.773,0.772,0.774,0.772,0.772,0.772,0.774,0.773,0.771,0.771,0.77,0.771,0.771,0.769,0.769,0.77,0.768,0.768,0.771,0.769,0.769,0.769,0.768,0.769,0.769,0.768,0.768,0.766,0.768,0.769,0.769,0.768,0.767,0.765,0.767,0.767,0.765,0.765,0.765,0.766,0.767,0.765,0.763,0.764,0.764,0.763,0.764,0.763,0.763,0.763,0.763,0.762,0.762,0.764,0.763,0.763,0.764,0.764,0.763,0.763,0.763,0.764,0.764,0.762,0.763,0.762,0.762,0.761,0.76,0.759,0.759,0.759,0.758,0.755,0.755,0.746,0.756,0.755,0.753,0.752,0.752,0.741,0.751,0.752,0.751,0.751,0.75,0.75,0.749,0.749,0.748,0.749,0.749,0.748,0.747,0.746,0.748,0.745,0.746,0.747,0.746,0.745,0.744,0.744,0.744,0.743,0.742
,,,,,,,,,,,groep 3.1,A2,0.786,0.795,0.795,0.794,0.792,0.79,0.789,0.79,0.79,0.789,0.789,0.789,0.788,0.788,0.789,0.787,0.788,0.788,0.789,0.79,0.788,0.788,0.791,0.789,0.79,0.79,0.79,0.789,0.788,0.789,0.791,0.792,0.789,0.789,0.788,0.788,0.788,0.787,0.785,0.786,0.785,0.785,0.785,0.784,0.785,0.784,0.782,0.783,0.782,0.782,0.782,0.781,0.78,0.781,0.779,0.779,0.779,0.778,0.778,0.777,0.777,0.776,0.775,0.776,0.775,0.774,0.774,0.773,0.772,0.772,0.771,0.77,0.769,0.769,0.768,0.769,0.768,0.767,0.765,0.766,0.765,0.764,0.764,0.763,0.762,0.762,0.762,0.762,0.755,0.761,0.76,0.76,0.761,0.761,0.752,0.759,0.759,0.76,0.759,0.758,0.757,0.757,0.759,0.758,0.758,0.758,0.758,0.756,0.756,0.757,0.754,0.754,0.754,0.752,0.753,0.753,0.752,0.752,0.751,0.751
,,,,,,,,,,,groep 3.1,A3,0.784,0.781,0.781,0.778,0.775,0.776,0.774,0.772,0.771,0.772,0.77,0.771,0.771,0.77,0.769,0.771,0.769,0.769,0.769,0.77,0.768,0.767,0.769,0.769,0.769,0.769,0.766,0.767,0.768,0.767,0.767,0.768,0.765,0.766,0.764,0.763,0.762,0.763,0.762,0.763,0.761,0.76,0.76,0.76,0.76,0.759,0.758,0.76,0.76,0.758,0.76,0.76,0.76,0.76,0.759,0.759,0.759,0.76,0.759,0.757,0.757,0.758,0.76,0.759,0.758,0.757,0.757,0.755,0.755,0.755,0.754,0.754,0.753,0.756,0.755,0.755,0.755,0.755,0.753,0.754,0.754,0.753,0.753,0.753,0.754,0.754,0.754,0.755,0.745,0.755,0.755,0.755,0.756,0.757,0.746,0.757,0.756,0.758,0.758,0.757,0.759,0.759,0.76,0.759,0.758,0.758,0.758,0.756,0.758,0.756,0.755,0.755,0.756,0.755,0.755,0.754,0.754,0.753,0.752,0.751
,,,,,,,,,,,groep 3.1,A4,0.779,0.771,0.77,0.77,0.765,0.764,0.761,0.76,0.76,0.759,0.757,0.756,0.756,0.755,0.755,0.755,0.754,0.755,0.755,0.755,0.753,0.753,0.755,0.752,0.754,0.755,0.753,0.753,0.752,0.752,0.753,0.755,0.753,0.753,0.754,0.754,0.753,0.754,0.753,0.754,0.753,0.753,0.753,0.754,0.753,0.753,0.753,0.754,0.754,0.753,0.753,0.753,0.753,0.754,0.753,0.751,0.751,0.749,0.752,0.751,0.75,0.749,0.748,0.747,0.746,0.744,0.745,0.746,0.744,0.743,0.744,0.744,0.743,0.745,0.745,0.744,0.743,0.743,0.741,0.74,0.74,0.739,0.741,0.741,0.74,0.74,0.74,0.741,0.732,0.74,0.738,0.738,0.738,0.738,0.728,0.736,0.737,0.737,0.737,0.733,0.734,0.734,0.734,0.734,0.734,0.734,0.733,0.732,0.731,0.734,0.733,0.731,0.732,0.732,0.732,0.731,0.731,0.732,0.73,0.73
,,,,,,,,,,,groep 3.2,A5,0.791,0.781,0.779,0.777,0.774,0.774,0.77,0.771,0.77,0.769,0.769,0.769,0.768,0.768,0.766,0.766,0.766,0.766,0.766,0.766,0.765,0.765,0.767,0.766,0.768,0.767,0.766,0.765,0.763,0.763,0.765,0.765,0.763,0.764,0.763,0.763,0.764,0.762,0.76,0.762,0.76,0.759,0.759,0.76,0.76,0.759,0.758,0.758,0.758,0.756,0.756,0.755,0.753,0.753,0.752,0.752,0.752,0.752,0.751,0.75,0.749,0.748,0.748,0.747,0.747,0.746,0.746,0.745,0.746,0.747,0.746,0.747,0.746,0.746,0.745,0.746,0.746,0.746,0.744,0.745,0.747,0.745,0.746,0.745,0.745,0.744,0.743,0.745,0.734,0.743,0.742,0.741,0.741,0.742,0.73,0.741,0.741,0.74,0.74,0.739,0.738,0.737,0.739,0.739,0.739,0.739,0.739,0.739,0.738,0.74,0.738,0.739,0.739,0.738,0.739,0.739,0.738,0.738,0.737,0.738
,,,,,,,,,,,groep 3.2,A6,0.784,0.774,0.771,0.77,0.768,0.768,0.766,0.765,0.764,0.764,0.763,0.762,0.762,0.761,0.76,0.761,0.76,0.759,0.76,0.762,0.76,0.76,0.761,0.761,0.764,0.764,0.762,0.761,0.763,0.763,0.763,0.765,0.764,0.765,0.765,0.765,0.765,0.765,0.764,0.765,0.763,0.763,0.763,0.763,0.763,0.761,0.759,0.759,0.758,0.756,0.757,0.755,0.757,0.756,0.755,0.754,0.754,0.753,0.753,0.753,0.752,0.751,0.751,0.75,0.749,0.749,0.75,0.748,0.749,0.75,0.749,0.749,0.749,0.749,0.749,0.748,0.747,0.747,0.746,0.746,0.746,0.746,0.745,0.744,0.743,0.743,0.743,0.742,0.737,0.744,0.743,0.742,0.741,0.742,0.734,0.742,0.742,0.742,0.741,0.739,0.74,0.739,0.74,0.74,0.74,0.741,0.74,0.739,0.741,0.741,0.739,0.739,0.739,0.738,0.739,0.738,0.738,0.738,0.737,0.736
,,,,,,,,,,,groep 3.2,A7,0.778,0.772,0.769,0.768,0.764,0.763,0.76,0.761,0.761,0.758,0.757,0.756,0.754,0.755,0.752,0.751,0.751,0.751,0.751,0.751,0.75,0.75,0.751,0.75,0.752,0.75,0.751,0.751,0.75,0.752,0.753,0.754,0.753,0.754,0.753,0.753,0.754,0.755,0.753,0.756,0.754,0.753,0.756,0.754,0.754,0.754,0.753,0.754,0.754,0.753,0.754,0.753,0.753,0.754,0.753,0.752,0.753,0.752,0.753,0.752,0.753,0.751,0.752,0.752,0.751,0.752,0.752,0.752,0.751,0.751,0.751,0.751,0.75,0.75,0.75,0.751,0.752,0.75,0.749,0.749,0.749,0.747,0.748,0.748,0.746,0.746,0.747,0.746,0.735,0.746,0.744,0.744,0.745,0.745,0.733,0.741,0.742,0.743,0.743,0.741,0.741,0.74,0.742,0.742,0.741,0.741,0.741,0.74,0.739,0.739,0.738,0.738,0.737,0.735,0.736,0.737,0.734,0.735,0.734,0.734
,,,,,,,,,,,groep 3.2,A8,0.799,0.786,0.786,0.786,0.783,0.784,0.782,0.781,0.781,0.778,0.776,0.776,0.775,0.773,0.773,0.773,0.771,0.771,0.771,0.771,0.769,0.769,0.77,0.768,0.768,0.767,0.764,0.764,0.765,0.762,0.763,0.763,0.761,0.761,0.759,0.758,0.758,0.758,0.756,0.757,0.756,0.755,0.754,0.754,0.755,0.754,0.752,0.754,0.753,0.75,0.752,0.751,0.752,0.752,0.75,0.75,0.751,0.751,0.751,0.75,0.749,0.75,0.75,0.749,0.748,0.747,0.747,0.746,0.745,0.745,0.744,0.744,0.743,0.744,0.745,0.744,0.744,0.743,0.741,0.742,0.741,0.741,0.74,0.74,0.739,0.739,0.738,0.738,0.732,0.738,0.737,0.736,0.738,0.737,0.73,0.737,0.737,0.736,0.736,0.736,0.737,0.734,0.734,0.734,0.734,0.734,0.733,0.732,0.732,0.732,0.731,0.731,0.732,0.73,0.731,0.731,0.731,0.73,0.728,0.729
,,,,,,,,,,, /,A9,0.728,0.727,0.726,0.725,0.723,0.724,0.722,0.721,0.721,0.72,0.718,0.718,0.718,0.718,0.716,0.718,0.716,0.716,0.717,0.716,0.715,0.715,0.716,0.713,0.714,0.714,0.713,0.712,0.712,0.711,0.711,0.712,0.71,0.711,0.71,0.709,0.71,0.71,0.709,0.71,0.708,0.708,0.709,0.708,0.708,0.707,0.707,0.708,0.708,0.707,0.707,0.706,0.707,0.707,0.706,0.705,0.706,0.704,0.704,0.705,0.705,0.703,0.703,0.703,0.702,0.701,0.703,0.702,0.7,0.7,0.701,0.701,0.701,0.701,0.702,0.702,0.701,0.701,0.699,0.7,0.699,0.698,0.7,0.7,0.699,0.7,0.699,0.699,0.692,0.7,0.699,0.699,0.699,0.7,0.691,0.697,0.698,0.699,0.698,0.696,0.698,0.696,0.697,0.695,0.696,0.695,0.697,0.695,0.694,0.696,0.695,0.695,0.695,0.695,0.695,0.695,0.694,0.695,0.693,0.694
,,,,,,,,,,, /,A10,0.758,0.75,0.747,0.744,0.742,0.741,0.739,0.739,0.737,0.736,0.735,0.735,0.735,0.734,0.733,0.734,0.732,0.731,0.732,0.731,0.729,0.727,0.73,0.727,0.729,0.727,0.727,0.724,0.724,0.724,0.725,0.725,0.723,0.724,0.723,0.722,0.723,0.722,0.721,0.722,0.721,0.721,0.722,0.722,0.722,0.722,0.72,0.722,0.721,0.719,0.72,0.72,0.72,0.72,0.718,0.719,0.719,0.719,0.719,0.718,0.718,0.718,0.718,0.717,0.717,0.717,0.717,0.716,0.716,0.717,0.717,0.717,0.716,0.717,0.717,0.719,0.717,0.716,0.716,0.715,0.716,0.716,0.716,0.716,0.716,0.715,0.715,0.715,0.71,0.713,0.714,0.711,0.714,0.714,0.708,0.712,0.713,0.714,0.713,0.712,0.712,0.71,0.713,0.712,0.713,0.711,0.712,0.712,0.712,0.712,0.711,0.712,0.712,0.711,0.711,0.712,0.711,0.71,0.71,0.71
,,,,,,,,,,, /,A11,0.723,0.721,0.721,0.72,0.718,0.718,0.718,0.716,0.716,0.715,0.715,0.715,0.714,0.715,0.711,0.711,0.711,0.71,0.71,0.71,0.709,0.708,0.71,0.708,0.709,0.709,0.708,0.708,0.707,0.707,0.708,0.709,0.707,0.708,0.708,0.706,0.707,0.707,0.706,0.707,0.706,0.706,0.707,0.706,0.706,0.704,0.703,0.704,0.704,0.702,0.702,0.702,0.704,0.703,0.701,0.701,0.701,0.701,0.7,0.701,0.7,0.7,0.7,0.699,0.699,0.698,0.7,0.699,0.698,0.699,0.7,0.7,0.699,0.7,0.7,0.7,0.699,0.699,0.698,0.698,0.697,0.698,0.697,0.696,0.696,0.696,0.696,0.695,0.689,0.696,0.695,0.694,0.694,0.694,0.688,0.694,0.694,0.694,0.694,0.693,0.694,0.692,0.692,0.691,0.693,0.694,0.694,0.691,0.693,0.694,0.692,0.692,0.693,0.693,0.691,0.69,0.691,0.691,0.689,0.689
,,,,,,,,,,, /,A12,0.734,0.73,0.726,0.724,0.722,0.721,0.719,0.72,0.717,0.716,0.715,0.714,0.713,0.713,0.711,0.711,0.711,0.711,0.712,0.71,0.71,0.71,0.71,0.708,0.71,0.709,0.708,0.706,0.706,0.706,0.707,0.707,0.706,0.706,0.705,0.704,0.705,0.703,0.703,0.704,0.702,0.701,0.702,0.702,0.701,0.701,0.7,0.7,0.7,0.7,0.701,0.7,0.699,0.701,0.699,0.698,0.698,0.698,0.698,0.698,0.698,0.697,0.697,0.697,0.698,0.697,0.697,0.696,0.695,0.697,0.696,0.695,0.694,0.694,0.695,0.695,0.695,0.694,0.692,0.693,0.694,0.692,0.692,0.693,0.691,0.692,0.692,0.692,0.691,0.692,0.692,0.691,0.692,0.692,0.691,0.691,0.691,0.693,0.692,0.69,0.691,0.691,0.693,0.692,0.691,0.691,0.692,0.691,0.689,0.69,0.689,0.689,0.689,0.687,0.689,0.689,0.688,0.689,0.687,0.687
,,,,,,,,,,,groep 3.1,B1,0.801,0.791,0.792,0.793,0.79,0.788,0.789,0.788,0.786,0.79,0.787,0.789,0.787,0.786,0.785,0.787,0.786,0.784,0.785,0.786,0.786,0.785,0.784,0.783,0.785,0.786,0.785,0.784,0.786,0.784,0.783,0.787,0.786,0.785,0.786,0.784,0.785,0.785,0.784,0.785,0.783,0.786,0.786,0.785,0.784,0.784,0.781,0.783,0.783,0.781,0.78,0.781,0.781,0.782,0.78,0.779,0.78,0.779,0.778,0.779,0.778,0.778,0.779,0.777,0.778,0.778,0.779,0.778,0.777,0.78,0.778,0.777,0.777,0.777,0.777,0.777,0.775,0.776,0.777,0.776,0.775,0.776,0.774,0.775,0.775,0.774,0.773,0.772,0.765,0.774,0.773,0.772,0.771,0.77,0.763,0.771,0.77,0.77,0.77,0.769,0.77,0.769,0.768,0.766,0.768,0.768,0.767,0.766,0.767,0.767,0.764,0.765,0.765,0.763,0.763,0.76,0.763,0.763,0.762,0.761
,,,,,,,,,,,groep 3.1,B2,0.799,0.797,0.795,0.794,0.792,0.788,0.787,0.786,0.785,0.782,0.783,0.782,0.78,0.78,0.779,0.779,0.779,0.779,0.779,0.778,0.777,0.777,0.779,0.776,0.777,0.777,0.777,0.776,0.776,0.776,0.777,0.777,0.776,0.775,0.774,0.774,0.773,0.774,0.772,0.772,0.772,0.772,0.772,0.771,0.772,0.771,0.77,0.771,0.77,0.771,0.771,0.771,0.771,0.772,0.77,0.77,0.77,0.77,0.77,0.77,0.772,0.77,0.769,0.771,0.771,0.77,0.771,0.77,0.769,0.769,0.768,0.767,0.767,0.766,0.766,0.766,0.766,0.765,0.765,0.765,0.765,0.765,0.764,0.765,0.764,0.763,0.762,0.763,0.756,0.764,0.764,0.765,0.764,0.764,0.755,0.763,0.762,0.764,0.764,0.763,0.763,0.763,0.765,0.764,0.766,0.765,0.764,0.764,0.763,0.764,0.762,0.762,0.761,0.76,0.761,0.761,0.761,0.761,0.761,0.76
,,,,,,,,,,,groep 3.1,B3,0.786,0.783,0.784,0.781,0.78,0.779,0.778,0.778,0.775,0.775,0.773,0.774,0.771,0.772,0.771,0.773,0.773,0.772,0.772,0.773,0.771,0.771,0.772,0.771,0.773,0.771,0.77,0.771,0.772,0.771,0.771,0.772,0.771,0.771,0.771,0.77,0.77,0.77,0.77,0.77,0.768,0.769,0.769,0.767,0.768,0.767,0.766,0.768,0.768,0.768,0.768,0.768,0.767,0.768,0.767,0.767,0.768,0.769,0.767,0.767,0.767,0.768,0.769,0.768,0.769,0.768,0.767,0.767,0.766,0.766,0.765,0.764,0.764,0.765,0.765,0.765,0.764,0.764,0.763,0.764,0.763,0.764,0.762,0.763,0.764,0.764,0.763,0.764,0.754,0.764,0.764,0.763,0.763,0.764,0.754,0.764,0.763,0.763,0.763,0.763,0.764,0.763,0.763,0.762,0.763,0.763,0.761,0.761,0.763,0.761,0.76,0.76,0.761,0.759,0.761,0.76,0.761,0.761,0.76,0.759
,,,,,,,,,,,groep 3.1,B4,0.782,0.775,0.774,0.774,0.774,0.773,0.772,0.771,0.771,0.77,0.77,0.769,0.769,0.768,0.768,0.769,0.768,0.768,0.769,0.768,0.767,0.767,0.767,0.765,0.766,0.766,0.765,0.764,0.763,0.761,0.761,0.763,0.762,0.761,0.761,0.76,0.76,0.761,0.759,0.76,0.759,0.758,0.758,0.759,0.758,0.758,0.757,0.759,0.757,0.757,0.757,0.757,0.757,0.758,0.756,0.756,0.756,0.756,0.755,0.756,0.756,0.755,0.755,0.755,0.753,0.752,0.754,0.753,0.752,0.752,0.752,0.752,0.753,0.753,0.753,0.753,0.752,0.753,0.751,0.75,0.75,0.751,0.751,0.753,0.752,0.751,0.75,0.751,0.746,0.752,0.751,0.752,0.751,0.751,0.745,0.75,0.75,0.75,0.751,0.748,0.75,0.75,0.749,0.748,0.749,0.749,0.748,0.748,0.747,0.748,0.747,0.746,0.747,0.746,0.747,0.746,0.747,0.748,0.747,0.747
,,,,,,,,,,,groep 3.2,B5,0.777,0.771,0.77,0.768,0.769,0.768,0.767,0.769,0.767,0.767,0.767,0.768,0.767,0.768,0.767,0.767,0.768,0.766,0.767,0.766,0.766,0.765,0.766,0.763,0.765,0.763,0.763,0.762,0.76,0.76,0.761,0.761,0.76,0.76,0.759,0.759,0.759,0.759,0.757,0.758,0.757,0.757,0.757,0.757,0.757,0.756,0.756,0.757,0.756,0.756,0.756,0.756,0.755,0.755,0.753,0.754,0.755,0.755,0.754,0.753,0.754,0.753,0.754,0.752,0.754,0.754,0.754,0.753,0.754,0.755,0.754,0.754,0.755,0.754,0.754,0.755,0.754,0.754,0.754,0.754,0.755,0.756,0.755,0.755,0.755,0.755,0.753,0.755,0.747,0.755,0.754,0.755,0.754,0.755,0.747,0.755,0.755,0.754,0.754,0.754,0.754,0.753,0.754,0.754,0.755,0.754,0.754,0.754,0.753,0.754,0.753,0.753,0.754,0.752,0.753,0.753,0.753,0.752,0.75,0.752
,,,,,,,,,,,groep 3.2,B6,0.798,0.788,0.787,0.784,0.784,0.782,0.781,0.781,0.78,0.78,0.779,0.779,0.778,0.777,0.776,0.777,0.776,0.773,0.774,0.774,0.773,0.773,0.773,0.771,0.772,0.772,0.77,0.77,0.771,0.77,0.769,0.771,0.769,0.77,0.77,0.77,0.77,0.771,0.769,0.77,0.768,0.77,0.77,0.769,0.77,0.77,0.768,0.769,0.767,0.766,0.767,0.766,0.768,0.768,0.766,0.766,0.767,0.767,0.766,0.768,0.767,0.767,0.768,0.767,0.766,0.766,0.768,0.766,0.766,0.767,0.766,0.766,0.766,0.766,0.765,0.766,0.763,0.765,0.765,0.765,0.763,0.764,0.763,0.762,0.763,0.763,0.763,0.762,0.758,0.764,0.764,0.765,0.763,0.764,0.758,0.765,0.766,0.766,0.766,0.765,0.768,0.767,0.768,0.767,0.769,0.77,0.77,0.769,0.771,0.771,0.769,0.769,0.77,0.768,0.769,0.767,0.768,0.769,0.768,0.767
,,,,,,,,,,,groep 3.2,B7,0.797,0.789,0.786,0.784,0.78,0.777,0.776,0.775,0.774,0.772,0.772,0.773,0.771,0.772,0.77,0.77,0.771,0.77,0.771,0.771,0.771,0.77,0.771,0.769,0.77,0.769,0.77,0.771,0.77,0.771,0.772,0.773,0.772,0.772,0.771,0.772,0.772,0.772,0.77,0.77,0.771,0.769,0.77,0.769,0.768,0.768,0.767,0.768,0.767,0.767,0.768,0.768,0.767,0.767,0.766,0.766,0.766,0.765,0.765,0.764,0.765,0.764,0.763,0.763,0.763,0.763,0.763,0.762,0.761,0.76,0.759,0.76,0.76,0.758,0.758,0.757,0.758,0.757,0.755,0.755,0.755,0.755,0.754,0.755,0.754,0.753,0.753,0.753,0.742,0.752,0.752,0.753,0.753,0.752,0.742,0.75,0.75,0.751,0.752,0.751,0.751,0.751,0.753,0.751,0.752,0.752,0.752,0.751,0.75,0.75,0.75,0.75,0.749,0.746,0.748,0.747,0.748,0.747,0.747,0.747
,,,,,,,,,,,groep 3.2,B8,0.786,0.773,0.769,0.764,0.763,0.762,0.76,0.76,0.759,0.759,0.757,0.759,0.757,0.757,0.757,0.759,0.758,0.758,0.76,0.76,0.759,0.76,0.761,0.76,0.762,0.76,0.759,0.76,0.76,0.76,0.76,0.76,0.758,0.758,0.757,0.757,0.757,0.758,0.756,0.758,0.757,0.757,0.757,0.757,0.757,0.757,0.756,0.758,0.757,0.756,0.756,0.757,0.757,0.757,0.755,0.755,0.756,0.756,0.755,0.755,0.754,0.755,0.755,0.752,0.753,0.752,0.751,0.751,0.75,0.749,0.749,0.749,0.748,0.749,0.749,0.749,0.747,0.747,0.746,0.746,0.746,0.746,0.745,0.745,0.746,0.745,0.744,0.744,0.739,0.744,0.744,0.744,0.743,0.743,0.738,0.743,0.742,0.741,0.741,0.741,0.742,0.74,0.741,0.74,0.741,0.74,0.739,0.739,0.738,0.738,0.737,0.738,0.738,0.737,0.737,0.737,0.738,0.737,0.736,0.736
,,,,,,,,,,, /,B9,0.734,0.731,0.731,0.73,0.73,0.73,0.728,0.726,0.725,0.727,0.725,0.726,0.725,0.726,0.725,0.726,0.722,0.724,0.721,0.722,0.72,0.72,0.719,0.719,0.72,0.719,0.719,0.719,0.719,0.718,0.718,0.715,0.716,0.714,0.713,0.713,0.714,0.714,0.716,0.712,0.714,0.713,0.713,0.713,0.712,0.712,0.715,0.712,0.712,0.713,0.711,0.71,0.711,0.709,0.713,0.711,0.71,0.71,0.71,0.71,0.708,0.709,0.708,0.707,0.708,0.706,0.705,0.708,0.705,0.707,0.706,0.706,0.707,0.705,0.706,0.704,0.705,0.705,0.704,0.706,0.703,0.705,0.706,0.704,0.705,0.705,0.705,0.706,0.698,0.705,0.705,0.705,0.702,0.704,0.7,0.701,0.702,0.701,0.702,0.701,0.701,0.701,0.701,0.701,0.7,0.699,0.7,0.698,0.698,0.699,0.7,0.699,0.698,0.7,0.7,0.699,0.697,0.697,0.699,0.699
,,,,,,,,,,, /,B10,0.742,0.74,0.739,0.738,0.739,0.737,0.736,0.737,0.734,0.733,0.733,0.733,0.732,0.732,0.731,0.732,0.729,0.73,0.728,0.729,0.727,0.725,0.728,0.729,0.725,0.727,0.726,0.725,0.723,0.725,0.726,0.725,0.725,0.723,0.723,0.721,0.722,0.721,0.725,0.718,0.722,0.721,0.721,0.722,0.719,0.718,0.722,0.721,0.72,0.72,0.72,0.719,0.718,0.717,0.718,0.717,0.717,0.716,0.718,0.718,0.717,0.716,0.716,0.715,0.715,0.715,0.713,0.716,0.716,0.715,0.712,0.713,0.715,0.711,0.713,0.714,0.715,0.712,0.713,0.713,0.712,0.712,0.713,0.71,0.713,0.711,0.711,0.713,0.708,0.711,0.71,0.709,0.709,0.709,0.709,0.709,0.711,0.709,0.708,0.71,0.709,0.711,0.71,0.71,0.707,0.707,0.709,0.707,0.708,0.708,0.708,0.709,0.709,0.708,0.71,0.71,0.708,0.706,0.708,0.708
,,,,,,,,,,, /,B11,0.734,0.733,0.733,0.732,0.732,0.731,0.73,0.726,0.728,0.727,0.729,0.728,0.728,0.729,0.726,0.724,0.724,0.725,0.72,0.722,0.723,0.722,0.722,0.721,0.719,0.72,0.722,0.719,0.721,0.718,0.721,0.717,0.718,0.718,0.716,0.715,0.716,0.716,0.718,0.713,0.717,0.716,0.715,0.716,0.715,0.712,0.716,0.712,0.712,0.714,0.711,0.712,0.712,0.712,0.712,0.712,0.712,0.711,0.712,0.712,0.709,0.711,0.711,0.711,0.709,0.71,0.707,0.71,0.71,0.71,0.708,0.708,0.708,0.706,0.707,0.708,0.709,0.706,0.708,0.708,0.706,0.706,0.708,0.704,0.705,0.706,0.706,0.705,0.699,0.707,0.704,0.704,0.703,0.703,0.702,0.703,0.705,0.704,0.703,0.704,0.703,0.703,0.704,0.704,0.702,0.701,0.703,0.702,0.702,0.701,0.702,0.701,0.702,0.703,0.703,0.701,0.7,0.698,0.7,0.697
,,,,,,,,,,, /,B12,0.739,0.738,0.735,0.734,0.734,0.734,0.732,0.734,0.732,0.731,0.732,0.731,0.729,0.73,0.728,0.728,0.729,0.728,0.726,0.726,0.726,0.728,0.725,0.727,0.728,0.728,0.729,0.726,0.725,0.727,0.726,0.724,0.726,0.723,0.723,0.722,0.721,0.722,0.723,0.72,0.722,0.72,0.72,0.721,0.719,0.718,0.722,0.72,0.718,0.72,0.718,0.719,0.717,0.719,0.718,0.718,0.716,0.717,0.718,0.718,0.716,0.716,0.714,0.716,0.717,0.715,0.715,0.718,0.716,0.717,0.714,0.713,0.716,0.714,0.713,0.714,0.714,0.712,0.712,0.715,0.712,0.712,0.713,0.712,0.709,0.711,0.712,0.711,0.707,0.712,0.71,0.712,0.709,0.711,0.708,0.711,0.71,0.71,0.709,0.708,0.708,0.71,0.708,0.709,0.707,0.706,0.708,0.707,0.707,0.707,0.707,0.708,0.706,0.705,0.707,0.705,0.703,0.705,0.706,0.705
,,,,,,,,,,,groep 3.1,C1,0.805,0.793,0.789,0.779,0.772,0.771,0.769,0.763,0.763,0.763,0.759,0.759,0.758,0.755,0.755,0.754,0.753,0.752,0.751,0.749,0.749,0.748,0.748,0.746,0.747,0.746,0.746,0.745,0.745,0.744,0.742,0.744,0.744,0.744,0.743,0.742,0.743,0.743,0.742,0.741,0.74,0.74,0.741,0.741,0.741,0.739,0.738,0.739,0.738,0.738,0.737,0.737,0.737,0.737,0.736,0.735,0.736,0.735,0.735,0.735,0.735,0.734,0.734,0.734,0.734,0.735,0.734,0.734,0.734,0.736,0.734,0.734,0.735,0.733,0.734,0.733,0.732,0.732,0.733,0.733,0.733,0.732,0.731,0.731,0.731,0.731,0.731,0.731,0.726,0.73,0.73,0.73,0.729,0.729,0.724,0.728,0.729,0.727,0.728,0.728,0.728,0.729,0.728,0.727,0.729,0.729,0.728,0.728,0.729,0.729,0.727,0.726,0.728,0.727,0.727,0.726,0.726,0.726,0.726,0.725
,,,,,,,,,,,groep 3.1,C2,0.799,0.79,0.794,0.797,0.796,0.794,0.798,0.797,0.798,0.798,0.803,0.805,0.805,0.807,0.808,0.801,0.791,0.785,0.78,0.778,0.777,0.778,0.778,0.777,0.777,0.778,0.777,0.777,0.777,0.777,0.778,0.779,0.779,0.777,0.776,0.777,0.776,0.776,0.775,0.774,0.776,0.774,0.775,0.775,0.775,0.774,0.773,0.772,0.772,0.773,0.773,0.774,0.775,0.775,0.775,0.774,0.775,0.774,0.774,0.773,0.776,0.774,0.773,0.776,0.776,0.776,0.776,0.776,0.776,0.776,0.773,0.775,0.775,0.773,0.773,0.772,0.772,0.773,0.773,0.773,0.773,0.773,0.773,0.773,0.772,0.772,0.771,0.772,0.763,0.771,0.771,0.772,0.771,0.77,0.76,0.769,0.767,0.769,0.768,0.767,0.767,0.768,0.769,0.768,0.768,0.768,0.766,0.766,0.765,0.764,0.763,0.763,0.761,0.76,0.761,0.76,0.76,0.759,0.76,0.757
,,,,,,,,,,,groep 3.1,C3,0.799,0.8,0.803,0.801,0.798,0.798,0.795,0.793,0.791,0.794,0.791,0.788,0.789,0.786,0.775,0.769,0.768,0.769,0.772,0.769,0.767,0.767,0.767,0.767,0.77,0.767,0.767,0.767,0.768,0.768,0.768,0.768,0.768,0.767,0.766,0.767,0.767,0.77,0.774,0.775,0.777,0.777,0.777,0.777,0.778,0.777,0.777,0.78,0.781,0.782,0.782,0.783,0.784,0.784,0.784,0.785,0.785,0.784,0.783,0.78,0.778,0.777,0.776,0.774,0.772,0.77,0.769,0.768,0.766,0.765,0.761,0.76,0.759,0.758,0.759,0.757,0.757,0.757,0.758,0.757,0.758,0.757,0.757,0.756,0.757,0.757,0.756,0.756,0.75,0.756,0.757,0.757,0.756,0.756,0.748,0.756,0.756,0.754,0.754,0.754,0.755,0.755,0.756,0.754,0.756,0.755,0.753,0.754,0.755,0.753,0.753,0.754,0.758,0.761,0.764,0.766,0.768,0.769,0.772,0.773
,,,,,,,,,,,groep 3.1,C4,0.789,0.775,0.777,0.777,0.776,0.776,0.775,0.772,0.773,0.772,0.772,0.771,0.772,0.771,0.771,0.771,0.771,0.772,0.771,0.772,0.771,0.772,0.771,0.768,0.77,0.77,0.768,0.767,0.767,0.766,0.766,0.767,0.767,0.766,0.766,0.766,0.766,0.766,0.766,0.766,0.765,0.766,0.765,0.767,0.765,0.766,0.765,0.766,0.765,0.765,0.764,0.764,0.765,0.766,0.765,0.764,0.764,0.764,0.765,0.764,0.763,0.762,0.763,0.763,0.762,0.761,0.762,0.762,0.76,0.761,0.76,0.76,0.761,0.76,0.761,0.76,0.761,0.76,0.76,0.76,0.76,0.76,0.761,0.761,0.76,0.761,0.761,0.76,0.753,0.761,0.761,0.761,0.76,0.76,0.752,0.76,0.76,0.758,0.759,0.758,0.76,0.76,0.759,0.758,0.76,0.76,0.759,0.759,0.759,0.759,0.759,0.758,0.758,0.758,0.759,0.757,0.758,0.758,0.758,0.757
,,,,,,,,,,,groep 3.2,C5,0.793,0.784,0.782,0.779,0.776,0.776,0.773,0.773,0.772,0.772,0.773,0.773,0.773,0.772,0.773,0.772,0.773,0.772,0.773,0.772,0.772,0.771,0.772,0.771,0.773,0.771,0.772,0.772,0.771,0.771,0.772,0.772,0.772,0.773,0.773,0.774,0.774,0.774,0.774,0.774,0.775,0.773,0.775,0.776,0.776,0.775,0.775,0.775,0.775,0.775,0.775,0.774,0.773,0.772,0.772,0.772,0.772,0.771,0.769,0.768,0.768,0.765,0.762,0.762,0.761,0.76,0.759,0.758,0.758,0.759,0.756,0.758,0.758,0.755,0.756,0.754,0.753,0.753,0.753,0.752,0.753,0.753,0.752,0.751,0.75,0.75,0.748,0.748,0.742,0.746,0.745,0.746,0.744,0.744,0.738,0.744,0.743,0.741,0.742,0.741,0.74,0.74,0.74,0.74,0.74,0.739,0.739,0.739,0.74,0.739,0.738,0.739,0.739,0.738,0.738,0.738,0.738,0.736,0.737,0.737
,,,,,,,,,,,groep 3.2,C6,0.794,0.783,0.781,0.778,0.777,0.777,0.775,0.774,0.773,0.774,0.773,0.772,0.772,0.77,0.77,0.77,0.769,0.768,0.766,0.766,0.766,0.767,0.767,0.765,0.766,0.765,0.764,0.764,0.766,0.765,0.763,0.766,0.765,0.766,0.766,0.765,0.765,0.766,0.765,0.764,0.764,0.765,0.765,0.765,0.766,0.764,0.764,0.765,0.763,0.762,0.762,0.762,0.763,0.763,0.763,0.762,0.763,0.763,0.762,0.762,0.763,0.761,0.763,0.763,0.762,0.763,0.764,0.764,0.764,0.766,0.764,0.765,0.765,0.765,0.765,0.765,0.763,0.764,0.765,0.765,0.764,0.765,0.764,0.764,0.765,0.764,0.764,0.763,0.756,0.763,0.763,0.764,0.762,0.762,0.754,0.763,0.763,0.762,0.762,0.761,0.762,0.762,0.762,0.762,0.763,0.763,0.762,0.762,0.764,0.763,0.762,0.762,0.764,0.762,0.763,0.761,0.761,0.76,0.761,0.759
,,,,,,,,,,,groep 3.2,C7,0.792,0.785,0.781,0.779,0.774,0.773,0.771,0.769,0.769,0.768,0.769,0.768,0.768,0.767,0.767,0.766,0.767,0.767,0.766,0.767,0.767,0.767,0.768,0.766,0.768,0.767,0.766,0.767,0.767,0.765,0.765,0.765,0.765,0.764,0.762,0.762,0.762,0.761,0.76,0.759,0.759,0.757,0.757,0.756,0.756,0.754,0.753,0.753,0.751,0.75,0.75,0.75,0.748,0.747,0.747,0.746,0.746,0.745,0.744,0.743,0.743,0.742,0.741,0.742,0.742,0.741,0.741,0.74,0.738,0.738,0.736,0.738,0.738,0.736,0.735,0.735,0.734,0.735,0.734,0.733,0.733,0.733,0.732,0.733,0.731,0.731,0.732,0.731,0.724,0.73,0.73,0.731,0.729,0.729,0.723,0.728,0.728,0.727,0.728,0.727,0.727,0.728,0.728,0.728,0.727,0.728,0.727,0.726,0.726,0.726,0.726,0.725,0.725,0.723,0.724,0.724,0.724,0.723,0.723,0.722
,,,,,,,,,,,groep 3.2,C8,0.78,0.77,0.767,0.764,0.761,0.762,0.76,0.759,0.758,0.758,0.757,0.757,0.757,0.756,0.757,0.758,0.758,0.758,0.758,0.759,0.759,0.76,0.761,0.761,0.763,0.762,0.761,0.762,0.763,0.763,0.763,0.763,0.762,0.762,0.76,0.762,0.762,0.762,0.762,0.762,0.762,0.762,0.762,0.763,0.763,0.762,0.761,0.762,0.761,0.76,0.76,0.762,0.76,0.759,0.759,0.758,0.758,0.758,0.757,0.756,0.755,0.755,0.755,0.753,0.753,0.752,0.751,0.75,0.749,0.748,0.747,0.748,0.747,0.746,0.747,0.745,0.744,0.744,0.744,0.743,0.743,0.743,0.743,0.742,0.742,0.743,0.741,0.741,0.734,0.74,0.74,0.74,0.739,0.739,0.732,0.739,0.739,0.736,0.736,0.736,0.737,0.736,0.737,0.735,0.736,0.735,0.734,0.735,0.733,0.733,0.732,0.732,0.733,0.733,0.732,0.732,0.732,0.731,0.731,0.73
,,,,,,,,,,, /,C9,0.72,0.717,0.717,0.716,0.715,0.716,0.715,0.713,0.713,0.713,0.712,0.711,0.712,0.71,0.71,0.711,0.71,0.709,0.709,0.707,0.707,0.707,0.707,0.705,0.706,0.706,0.704,0.705,0.704,0.704,0.703,0.703,0.701,0.7,0.701,0.699,0.699,0.699,0.701,0.698,0.699,0.699,0.7,0.699,0.696,0.698,0.699,0.698,0.698,0.697,0.699,0.696,0.697,0.695,0.698,0.696,0.694,0.696,0.696,0.696,0.695,0.696,0.694,0.693,0.693,0.69,0.69,0.695,0.691,0.692,0.691,0.688,0.691,0.692,0.692,0.692,0.69,0.693,0.689,0.689,0.687,0.691,0.691,0.69,0.691,0.69,0.689,0.689,0.684,0.69,0.691,0.688,0.689,0.689,0.685,0.687,0.687,0.688,0.687,0.686,0.687,0.685,0.686,0.687,0.685,0.685,0.687,0.683,0.683,0.685,0.687,0.686,0.683,0.685,0.684,0.684,0.684,0.686,0.682,0.685
,,,,,,,,,,, /,C10,0.73,0.727,0.727,0.726,0.726,0.725,0.723,0.723,0.722,0.721,0.721,0.721,0.721,0.72,0.719,0.719,0.719,0.717,0.717,0.717,0.716,0.715,0.716,0.714,0.715,0.714,0.714,0.712,0.712,0.712,0.711,0.712,0.711,0.712,0.711,0.711,0.711,0.71,0.709,0.709,0.71,0.708,0.709,0.709,0.709,0.708,0.708,0.709,0.708,0.707,0.708,0.707,0.706,0.706,0.704,0.705,0.706,0.705,0.705,0.704,0.704,0.703,0.703,0.704,0.703,0.703,0.699,0.705,0.704,0.702,0.701,0.7,0.702,0.7,0.7,0.703,0.703,0.702,0.7,0.7,0.7,0.701,0.701,0.7,0.701,0.699,0.698,0.699,0.694,0.7,0.699,0.696,0.698,0.697,0.694,0.698,0.697,0.698,0.697,0.697,0.698,0.697,0.697,0.697,0.695,0.694,0.698,0.694,0.695,0.696,0.698,0.698,0.696,0.695,0.695,0.696,0.694,0.695,0.694,0.697
,,,,,,,,,,, /,C11,0.722,0.721,0.721,0.72,0.719,0.719,0.719,0.716,0.716,0.716,0.715,0.716,0.715,0.715,0.713,0.714,0.713,0.712,0.711,0.711,0.71,0.71,0.711,0.709,0.709,0.708,0.708,0.707,0.707,0.707,0.707,0.707,0.706,0.707,0.706,0.705,0.706,0.706,0.706,0.704,0.704,0.703,0.704,0.705,0.705,0.703,0.703,0.702,0.702,0.702,0.703,0.7,0.699,0.699,0.699,0.699,0.698,0.7,0.701,0.702,0.697,0.701,0.701,0.698,0.698,0.697,0.695,0.699,0.7,0.698,0.696,0.695,0.695,0.695,0.696,0.696,0.697,0.697,0.696,0.694,0.692,0.693,0.695,0.692,0.693,0.693,0.692,0.691,0.69,0.695,0.692,0.691,0.692,0.692,0.691,0.69,0.692,0.693,0.691,0.691,0.692,0.69,0.689,0.691,0.689,0.688,0.692,0.688,0.689,0.688,0.691,0.689,0.689,0.687,0.687,0.689,0.688,0.69,0.686,0.687
,,,,,,,,,,, /,C12,0.719,0.718,0.716,0.715,0.715,0.715,0.712,0.713,0.712,0.711,0.711,0.71,0.709,0.709,0.709,0.708,0.709,0.708,0.707,0.706,0.705,0.707,0.706,0.705,0.706,0.706,0.706,0.705,0.704,0.704,0.705,0.704,0.705,0.705,0.704,0.703,0.703,0.702,0.701,0.7,0.701,0.7,0.7,0.699,0.697,0.697,0.701,0.699,0.698,0.699,0.698,0.697,0.696,0.699,0.698,0.695,0.694,0.697,0.698,0.698,0.695,0.697,0.696,0.694,0.698,0.695,0.694,0.698,0.696,0.695,0.695,0.693,0.695,0.695,0.693,0.695,0.694,0.694,0.691,0.694,0.692,0.692,0.692,0.693,0.689,0.691,0.69,0.69,0.685,0.692,0.69,0.691,0.691,0.689,0.685,0.69,0.689,0.691,0.69,0.688,0.688,0.688,0.688,0.688,0.688,0.686,0.69,0.687,0.687,0.687,0.69,0.688,0.687,0.684,0.684,0.685,0.684,0.687,0.685,0.686
,,,,,,,,,,,groep 3.1,D1,0.783,0.774,0.778,0.779,0.776,0.776,0.775,0.775,0.773,0.775,0.774,0.775,0.774,0.774,0.773,0.775,0.775,0.774,0.776,0.775,0.775,0.775,0.775,0.774,0.775,0.775,0.774,0.773,0.774,0.773,0.772,0.774,0.773,0.773,0.77,0.77,0.77,0.77,0.77,0.768,0.769,0.77,0.771,0.77,0.77,0.769,0.768,0.768,0.768,0.768,0.766,0.767,0.767,0.767,0.768,0.765,0.766,0.765,0.765,0.766,0.764,0.764,0.765,0.764,0.765,0.765,0.765,0.764,0.764,0.765,0.763,0.763,0.763,0.762,0.762,0.762,0.76,0.761,0.76,0.76,0.758,0.759,0.758,0.758,0.758,0.757,0.757,0.756,0.75,0.755,0.755,0.753,0.753,0.753,0.747,0.75,0.752,0.749,0.749,0.749,0.749,0.749,0.748,0.747,0.748,0.748,0.748,0.747,0.748,0.747,0.746,0.744,0.744,0.742,0.743,0.742,0.741,0.742,0.741,0.741
,,,,,,,,,,,groep 3.1,D2,0.776,0.776,0.776,0.774,0.774,0.772,0.77,0.771,0.77,0.768,0.768,0.767,0.765,0.766,0.764,0.766,0.764,0.766,0.764,0.762,0.761,0.763,0.763,0.762,0.762,0.763,0.762,0.761,0.76,0.76,0.76,0.762,0.762,0.759,0.758,0.759,0.76,0.758,0.758,0.757,0.758,0.757,0.757,0.756,0.757,0.757,0.757,0.756,0.756,0.757,0.757,0.756,0.756,0.758,0.759,0.756,0.758,0.757,0.758,0.758,0.758,0.758,0.756,0.759,0.758,0.758,0.759,0.757,0.757,0.756,0.754,0.755,0.755,0.754,0.753,0.753,0.752,0.754,0.752,0.752,0.75,0.751,0.75,0.751,0.751,0.75,0.749,0.751,0.741,0.75,0.751,0.75,0.75,0.749,0.741,0.749,0.749,0.75,0.75,0.749,0.75,0.751,0.75,0.752,0.752,0.752,0.751,0.751,0.75,0.75,0.749,0.749,0.747,0.745,0.748,0.747,0.747,0.748,0.747,0.746
,,,,,,,,,,,groep 3.1,D3,0.765,0.766,0.764,0.76,0.758,0.758,0.756,0.757,0.755,0.753,0.754,0.752,0.751,0.751,0.75,0.751,0.75,0.75,0.749,0.747,0.747,0.746,0.746,0.745,0.748,0.745,0.744,0.744,0.744,0.744,0.745,0.744,0.744,0.743,0.741,0.741,0.74,0.741,0.741,0.74,0.74,0.74,0.74,0.739,0.739,0.737,0.738,0.738,0.738,0.738,0.738,0.739,0.738,0.737,0.738,0.738,0.737,0.738,0.737,0.738,0.736,0.737,0.739,0.739,0.738,0.738,0.739,0.739,0.738,0.737,0.738,0.737,0.737,0.737,0.738,0.737,0.736,0.738,0.737,0.737,0.736,0.736,0.737,0.735,0.737,0.737,0.736,0.736,0.731,0.737,0.737,0.737,0.736,0.736,0.732,0.736,0.737,0.735,0.736,0.736,0.737,0.737,0.737,0.737,0.737,0.736,0.736,0.737,0.736,0.735,0.734,0.733,0.734,0.734,0.734,0.734,0.733,0.734,0.733,0.732
,,,,,,,,,,,groep 3.1,D4,0.78,0.773,0.773,0.771,0.771,0.77,0.768,0.766,0.765,0.765,0.763,0.763,0.763,0.763,0.762,0.763,0.763,0.763,0.763,0.762,0.762,0.762,0.762,0.76,0.762,0.761,0.76,0.759,0.759,0.759,0.758,0.76,0.759,0.758,0.758,0.758,0.759,0.759,0.759,0.758,0.758,0.758,0.758,0.758,0.757,0.757,0.758,0.759,0.758,0.758,0.757,0.758,0.757,0.759,0.758,0.756,0.757,0.757,0.759,0.757,0.756,0.755,0.755,0.755,0.754,0.754,0.755,0.754,0.753,0.754,0.753,0.753,0.754,0.754,0.754,0.755,0.753,0.754,0.753,0.753,0.752,0.753,0.753,0.753,0.754,0.754,0.753,0.754,0.747,0.754,0.755,0.754,0.753,0.753,0.746,0.753,0.754,0.752,0.752,0.753,0.754,0.753,0.751,0.752,0.753,0.754,0.752,0.752,0.752,0.753,0.752,0.752,0.751,0.751,0.752,0.751,0.751,0.752,0.751,0.751
,,,,,,,,,,,groep 3.2,D5,0.79,0.77,0.77,0.768,0.767,0.767,0.765,0.766,0.764,0.764,0.764,0.764,0.764,0.765,0.764,0.765,0.766,0.765,0.767,0.767,0.767,0.767,0.769,0.768,0.769,0.769,0.769,0.77,0.771,0.771,0.772,0.772,0.772,0.772,0.771,0.773,0.773,0.772,0.772,0.772,0.773,0.772,0.774,0.775,0.775,0.774,0.775,0.774,0.774,0.775,0.774,0.772,0.771,0.771,0.77,0.769,0.769,0.768,0.767,0.766,0.766,0.763,0.762,0.763,0.76,0.759,0.758,0.758,0.758,0.759,0.757,0.758,0.757,0.755,0.757,0.755,0.754,0.755,0.754,0.754,0.754,0.754,0.754,0.752,0.753,0.752,0.751,0.752,0.745,0.75,0.749,0.749,0.748,0.748,0.743,0.747,0.747,0.746,0.747,0.745,0.745,0.745,0.744,0.745,0.744,0.744,0.744,0.744,0.744,0.743,0.743,0.743,0.743,0.741,0.742,0.743,0.742,0.742,0.742,0.742
,,,,,,,,,,,groep 3.2,D6,0.787,0.769,0.767,0.764,0.764,0.761,0.759,0.759,0.756,0.758,0.756,0.756,0.756,0.756,0.755,0.755,0.755,0.754,0.753,0.754,0.753,0.756,0.756,0.756,0.756,0.757,0.756,0.757,0.76,0.76,0.759,0.762,0.761,0.763,0.762,0.763,0.764,0.764,0.765,0.763,0.764,0.764,0.766,0.765,0.766,0.765,0.765,0.766,0.764,0.764,0.764,0.763,0.764,0.765,0.765,0.763,0.764,0.764,0.764,0.763,0.763,0.763,0.764,0.763,0.762,0.763,0.764,0.762,0.763,0.764,0.762,0.763,0.763,0.761,0.762,0.761,0.759,0.761,0.76,0.759,0.758,0.76,0.759,0.758,0.758,0.757,0.756,0.757,0.746,0.754,0.755,0.753,0.754,0.752,0.742,0.751,0.751,0.75,0.75,0.749,0.75,0.749,0.748,0.749,0.749,0.749,0.747,0.747,0.747,0.747,0.747,0.746,0.747,0.745,0.747,0.745,0.744,0.743,0.743,0.742
,,,,,,,,,,,groep 3.2,D7,0.825,0.825,0.825,0.825,0.823,0.824,0.821,0.823,0.822,0.821,0.822,0.82,0.82,0.82,0.82,0.819,0.82,0.819,0.82,0.819,0.819,0.819,0.819,0.819,0.82,0.819,0.819,0.819,0.818,0.818,0.818,0.818,0.818,0.816,0.813,0.815,0.814,0.812,0.811,0.811,0.81,0.81,0.809,0.808,0.807,0.806,0.806,0.805,0.804,0.804,0.803,0.803,0.801,0.802,0.802,0.8,0.8,0.8,0.801,0.8,0.799,0.799,0.797,0.798,0.798,0.796,0.797,0.797,0.794,0.794,0.793,0.793,0.794,0.792,0.791,0.791,0.79,0.791,0.788,0.789,0.787,0.787,0.787,0.787,0.785,0.785,0.785,0.785,0.776,0.785,0.785,0.785,0.783,0.783,0.775,0.781,0.782,0.781,0.781,0.78,0.78,0.781,0.781,0.781,0.78,0.78,0.78,0.779,0.778,0.777,0.778,0.777,0.776,0.774,0.776,0.776,0.776,0.776,0.774,0.773
,,,,,,,,,,,groep 3.2,D8,0.755,0.751,0.754,0.752,0.752,0.751,0.751,0.75,0.749,0.749,0.748,0.749,0.747,0.747,0.747,0.747,0.746,0.746,0.746,0.746,0.747,0.747,0.747,0.747,0.749,0.748,0.747,0.747,0.748,0.749,0.749,0.748,0.748,0.747,0.744,0.746,0.745,0.745,0.745,0.744,0.745,0.746,0.745,0.744,0.744,0.743,0.743,0.744,0.743,0.743,0.742,0.744,0.744,0.743,0.743,0.742,0.743,0.743,0.744,0.744,0.742,0.743,0.744,0.742,0.742,0.742,0.742,0.741,0.741,0.741,0.74,0.74,0.739,0.739,0.741,0.74,0.74,0.74,0.739,0.74,0.739,0.74,0.741,0.739,0.74,0.741,0.739,0.74,0.733,0.74,0.741,0.74,0.741,0.74,0.735,0.741,0.742,0.739,0.739,0.74,0.741,0.74,0.741,0.74,0.74,0.74,0.739,0.74,0.739,0.739,0.739,0.739,0.739,0.739,0.739,0.74,0.739,0.739,0.739,0.739
,,,,,,,,,,, /,D9,0.734,0.732,0.73,0.73,0.73,0.729,0.727,0.726,0.726,0.725,0.725,0.725,0.724,0.724,0.723,0.725,0.724,0.723,0.723,0.721,0.72,0.72,0.72,0.718,0.719,0.719,0.718,0.718,0.717,0.717,0.717,0.716,0.716,0.715,0.714,0.714,0.715,0.714,0.714,0.713,0.713,0.712,0.713,0.713,0.712,0.711,0.712,0.712,0.711,0.711,0.711,0.709,0.71,0.71,0.71,0.709,0.71,0.709,0.71,0.709,0.708,0.707,0.707,0.707,0.706,0.706,0.706,0.706,0.704,0.705,0.704,0.705,0.705,0.703,0.706,0.705,0.703,0.704,0.703,0.704,0.703,0.704,0.703,0.703,0.704,0.703,0.702,0.702,0.699,0.702,0.703,0.702,0.701,0.701,0.698,0.701,0.701,0.701,0.7,0.7,0.7,0.7,0.699,0.699,0.7,0.7,0.699,0.698,0.698,0.699,0.698,0.699,0.697,0.696,0.698,0.698,0.697,0.698,0.697,0.696
,,,,,,,,,,, /,D10,0.727,0.727,0.727,0.726,0.726,0.726,0.724,0.725,0.723,0.723,0.723,0.724,0.723,0.724,0.723,0.723,0.723,0.721,0.721,0.721,0.719,0.719,0.719,0.719,0.719,0.718,0.718,0.716,0.717,0.717,0.716,0.716,0.716,0.717,0.715,0.715,0.716,0.715,0.715,0.714,0.715,0.715,0.715,0.714,0.714,0.714,0.714,0.714,0.714,0.713,0.714,0.712,0.712,0.712,0.711,0.711,0.711,0.711,0.711,0.71,0.71,0.709,0.709,0.71,0.708,0.708,0.708,0.708,0.709,0.709,0.708,0.709,0.708,0.707,0.708,0.709,0.707,0.707,0.707,0.706,0.707,0.708,0.707,0.707,0.707,0.706,0.706,0.706,0.699,0.704,0.705,0.703,0.704,0.704,0.698,0.703,0.703,0.703,0.703,0.702,0.702,0.702,0.702,0.702,0.702,0.701,0.701,0.701,0.702,0.7,0.702,0.702,0.7,0.7,0.7,0.7,0.699,0.7,0.701,0.701
,,,,,,,,,,, /,D11,0.726,0.726,0.726,0.724,0.723,0.724,0.723,0.722,0.721,0.722,0.722,0.721,0.72,0.722,0.72,0.721,0.72,0.72,0.719,0.718,0.717,0.718,0.718,0.717,0.717,0.717,0.717,0.716,0.716,0.716,0.717,0.718,0.717,0.717,0.715,0.717,0.717,0.716,0.715,0.714,0.714,0.714,0.714,0.714,0.714,0.712,0.712,0.711,0.711,0.71,0.71,0.71,0.71,0.71,0.71,0.709,0.709,0.708,0.708,0.708,0.706,0.707,0.707,0.706,0.706,0.706,0.707,0.706,0.706,0.706,0.705,0.705,0.705,0.704,0.706,0.704,0.703,0.704,0.703,0.704,0.702,0.703,0.703,0.702,0.702,0.702,0.702,0.701,0.699,0.701,0.702,0.701,0.7,0.7,0.699,0.699,0.699,0.699,0.699,0.699,0.7,0.699,0.698,0.699,0.698,0.698,0.698,0.698,0.698,0.697,0.697,0.697,0.696,0.696,0.697,0.697,0.696,0.696,0.695,0.694
,,,,,,,,,,, /,D12,0.668,0.667,0.665,0.664,0.661,0.663,0.662,0.66,0.662,0.659,0.658,0.658,0.657,0.655,0.656,0.656,0.656,0.654,0.653,0.656,0.655,0.655,0.653,0.655,0.656,0.654,0.656,0.654,0.653,0.652,0.653,0.654,0.651,0.653,0.653,0.652,0.653,0.654,0.651,0.652,0.653,0.65,0.65,0.65,0.647,0.648,0.648,0.65,0.646,0.648,0.648,0.648,0.647,0.649,0.646,0.646,0.645,0.645,0.646,0.648,0.647,0.647,0.646,0.644,0.649,0.645,0.645,0.649,0.647,0.648,0.644,0.644,0.646,0.647,0.644,0.648,0.647,0.643,0.643,0.646,0.644,0.644,0.643,0.645,0.641,0.645,0.644,0.644,0.638,0.644,0.641,0.645,0.642,0.643,0.638,0.642,0.643,0.644,0.645,0.641,0.643,0.643,0.643,0.642,0.642,0.642,0.644,0.641,0.641,0.642,0.642,0.639,0.643,0.64,0.641,0.64,0.64,0.639,0.64,0.639
,,,,,,,,,,,groep 3.1,E1,0.793,0.793,0.795,0.795,0.795,0.793,0.794,0.791,0.79,0.785,0.783,0.784,0.781,0.779,0.777,0.777,0.774,0.773,0.772,0.769,0.769,0.768,0.767,0.765,0.764,0.765,0.762,0.762,0.762,0.76,0.759,0.76,0.76,0.76,0.757,0.757,0.757,0.757,0.756,0.754,0.754,0.753,0.753,0.753,0.755,0.753,0.752,0.751,0.75,0.75,0.748,0.749,0.749,0.748,0.748,0.746,0.747,0.745,0.746,0.745,0.745,0.745,0.744,0.744,0.745,0.745,0.745,0.744,0.744,0.744,0.744,0.744,0.744,0.743,0.744,0.743,0.741,0.743,0.742,0.741,0.741,0.742,0.74,0.742,0.741,0.74,0.741,0.741,0.735,0.74,0.739,0.739,0.74,0.74,0.733,0.738,0.738,0.738,0.739,0.74,0.739,0.739,0.739,0.739,0.74,0.738,0.74,0.736,0.742,0.738,0.739,0.738,0.773,0.737,0.738,0.737,0.737,0.736,0.736,0.736
,,,,,,,,,,,groep 3.1,E2,0.786,0.787,0.788,0.785,0.785,0.782,0.781,0.782,0.781,0.778,0.779,0.778,0.775,0.776,0.775,0.778,0.774,0.777,0.774,0.774,0.774,0.775,0.775,0.774,0.776,0.778,0.777,0.776,0.775,0.775,0.776,0.778,0.778,0.774,0.775,0.775,0.776,0.773,0.774,0.774,0.773,0.773,0.772,0.771,0.772,0.773,0.772,0.771,0.77,0.771,0.771,0.771,0.77,0.772,0.774,0.77,0.771,0.77,0.771,0.77,0.771,0.772,0.77,0.772,0.774,0.772,0.773,0.773,0.771,0.771,0.769,0.769,0.769,0.768,0.767,0.766,0.767,0.767,0.765,0.766,0.764,0.765,0.764,0.766,0.764,0.763,0.763,0.764,0.752,0.765,0.765,0.765,0.764,0.763,0.75,0.764,0.763,0.764,0.764,0.762,0.762,0.765,0.765,0.765,0.765,0.766,0.766,0.764,0.765,0.763,0.763,0.762,0.761,0.759,0.762,0.761,0.763,0.762,0.761,0.76
,,,,,,,,,,,groep 3.1,E3,0.764,0.764,0.763,0.762,0.763,0.763,0.762,0.762,0.763,0.76,0.762,0.761,0.759,0.76,0.76,0.76,0.759,0.758,0.757,0.756,0.757,0.756,0.757,0.756,0.758,0.756,0.754,0.755,0.753,0.753,0.755,0.753,0.753,0.752,0.75,0.75,0.75,0.749,0.75,0.749,0.75,0.747,0.747,0.748,0.747,0.746,0.746,0.746,0.746,0.746,0.745,0.747,0.745,0.744,0.745,0.745,0.745,0.746,0.744,0.744,0.743,0.744,0.746,0.744,0.744,0.743,0.743,0.744,0.743,0.743,0.744,0.743,0.743,0.743,0.744,0.743,0.744,0.743,0.743,0.743,0.743,0.743,0.744,0.742,0.743,0.744,0.743,0.743,0.739,0.744,0.742,0.744,0.743,0.742,0.739,0.742,0.741,0.741,0.741,0.741,0.741,0.74,0.741,0.74,0.74,0.74,0.741,0.74,0.739,0.738,0.737,0.737,0.738,0.737,0.737,0.736,0.737,0.736,0.735,0.735
,,,,,,,,,,,groep 3.1,E4,0.784,0.77,0.768,0.769,0.769,0.767,0.766,0.765,0.764,0.763,0.762,0.762,0.76,0.762,0.76,0.761,0.761,0.76,0.76,0.76,0.76,0.759,0.759,0.757,0.76,0.759,0.758,0.758,0.755,0.757,0.757,0.759,0.758,0.756,0.757,0.756,0.757,0.757,0.757,0.757,0.757,0.757,0.758,0.758,0.757,0.758,0.757,0.759,0.759,0.76,0.759,0.761,0.76,0.763,0.762,0.76,0.762,0.762,0.764,0.763,0.762,0.761,0.762,0.762,0.761,0.76,0.762,0.762,0.761,0.762,0.762,0.762,0.762,0.763,0.764,0.763,0.763,0.763,0.763,0.763,0.763,0.764,0.763,0.764,0.765,0.765,0.764,0.765,0.759,0.767,0.767,0.767,0.767,0.766,0.759,0.768,0.766,0.765,0.765,0.766,0.766,0.764,0.762,0.762,0.763,0.763,0.762,0.76,0.761,0.76,0.759,0.76,0.757,0.757,0.758,0.756,0.756,0.756,0.755,0.754
,,,,,,,,,,,groep 3.2,E5,0.784,0.776,0.774,0.772,0.77,0.77,0.769,0.769,0.768,0.767,0.768,0.768,0.766,0.768,0.767,0.769,0.768,0.767,0.769,0.77,0.769,0.77,0.772,0.77,0.771,0.771,0.771,0.772,0.772,0.771,0.772,0.772,0.773,0.773,0.773,0.773,0.774,0.774,0.774,0.775,0.775,0.773,0.776,0.776,0.777,0.777,0.778,0.777,0.777,0.779,0.778,0.777,0.777,0.778,0.778,0.778,0.778,0.778,0.778,0.777,0.779,0.775,0.775,0.776,0.774,0.773,0.772,0.772,0.772,0.772,0.772,0.774,0.771,0.771,0.772,0.77,0.77,0.77,0.769,0.768,0.768,0.769,0.767,0.767,0.767,0.766,0.766,0.767,0.759,0.765,0.763,0.764,0.764,0.763,0.757,0.762,0.761,0.76,0.761,0.759,0.758,0.759,0.757,0.757,0.756,0.756,0.757,0.755,0.758,0.755,0.756,0.755,0.756,0.753,0.754,0.754,0.754,0.752,0.754,0.752
,,,,,,,,,,,groep 3.2,E6,0.795,0.777,0.775,0.772,0.771,0.769,0.768,0.767,0.766,0.767,0.767,0.767,0.766,0.766,0.765,0.768,0.767,0.767,0.766,0.767,0.767,0.77,0.77,0.771,0.77,0.771,0.77,0.771,0.772,0.77,0.769,0.773,0.772,0.772,0.771,0.772,0.773,0.772,0.774,0.771,0.772,0.771,0.773,0.772,0.774,0.772,0.773,0.773,0.77,0.77,0.769,0.767,0.768,0.768,0.769,0.765,0.765,0.764,0.764,0.762,0.763,0.761,0.761,0.76,0.759,0.759,0.759,0.758,0.758,0.758,0.756,0.756,0.756,0.755,0.755,0.753,0.751,0.753,0.752,0.751,0.75,0.751,0.749,0.75,0.75,0.748,0.748,0.748,0.735,0.746,0.746,0.746,0.747,0.745,0.733,0.745,0.743,0.744,0.743,0.743,0.743,0.743,0.742,0.743,0.743,0.742,0.741,0.741,0.742,0.741,0.742,0.741,0.743,0.74,0.742,0.74,0.74,0.739,0.738,0.737
,,,,,,,,,,,groep 3.2,E7,0.779,0.775,0.773,0.772,0.769,0.77,0.768,0.768,0.768,0.766,0.767,0.766,0.764,0.765,0.765,0.765,0.765,0.764,0.766,0.767,0.768,0.768,0.77,0.77,0.773,0.774,0.774,0.775,0.773,0.775,0.775,0.776,0.776,0.773,0.772,0.774,0.775,0.773,0.774,0.775,0.774,0.773,0.774,0.774,0.775,0.775,0.774,0.774,0.773,0.773,0.773,0.774,0.772,0.771,0.772,0.772,0.771,0.771,0.77,0.77,0.77,0.77,0.769,0.768,0.769,0.766,0.767,0.766,0.763,0.763,0.763,0.761,0.763,0.762,0.76,0.76,0.76,0.76,0.756,0.758,0.755,0.755,0.756,0.754,0.754,0.754,0.753,0.753,0.746,0.753,0.752,0.754,0.751,0.75,0.747,0.749,0.75,0.749,0.749,0.749,0.748,0.747,0.749,0.747,0.746,0.746,0.748,0.746,0.746,0.745,0.745,0.744,0.743,0.742,0.743,0.742,0.744,0.742,0.741,0.741
,,,,,,,,,,,groep 3.2,E8,0.772,0.764,0.762,0.759,0.757,0.756,0.756,0.753,0.752,0.751,0.749,0.751,0.748,0.748,0.747,0.747,0.744,0.744,0.742,0.741,0.742,0.741,0.741,0.74,0.741,0.74,0.738,0.739,0.737,0.738,0.739,0.736,0.736,0.735,0.733,0.733,0.733,0.733,0.733,0.732,0.733,0.731,0.73,0.731,0.732,0.731,0.731,0.731,0.729,0.729,0.728,0.731,0.729,0.728,0.728,0.729,0.729,0.729,0.73,0.729,0.728,0.729,0.731,0.728,0.728,0.727,0.727,0.726,0.726,0.725,0.726,0.725,0.725,0.725,0.726,0.726,0.726,0.725,0.724,0.725,0.726,0.726,0.724,0.724,0.723,0.724,0.722,0.721,0.714,0.725,0.721,0.723,0.72,0.721,0.716,0.721,0.722,0.722,0.72,0.72,0.726,0.718,0.723,0.719,0.722,0.722,0.718,0.719,0.716,0.718,0.716,0.719,0.719,0.719,0.717,0.718,0.716,0.716,0.715,0.716
,,,,,,,,,,, /,E9,0.773,0.742,0.735,0.735,0.735,0.733,0.732,0.731,0.731,0.73,0.729,0.73,0.729,0.729,0.729,0.73,0.729,0.727,0.728,0.727,0.726,0.725,0.724,0.724,0.723,0.721,0.722,0.722,0.725,0.721,0.721,0.721,0.718,0.718,0.721,0.718,0.718,0.719,0.718,0.718,0.716,0.718,0.72,0.718,0.715,0.716,0.718,0.719,0.718,0.717,0.718,0.713,0.716,0.716,0.712,0.716,0.715,0.714,0.713,0.713,0.714,0.713,0.713,0.713,0.712,0.713,0.709,0.711,0.711,0.712,0.709,0.708,0.71,0.71,0.712,0.71,0.709,0.708,0.709,0.709,0.71,0.711,0.708,0.708,0.711,0.708,0.708,0.708,0.705,0.708,0.709,0.707,0.705,0.707,0.701,0.706,0.705,0.708,0.706,0.704,0.706,0.706,0.706,0.702,0.706,0.706,0.702,0.704,0.703,0.704,0.702,0.706,0.706,0.703,0.704,0.704,0.703,0.705,0.704,0.702
,,,,,,,,,,, /,E10,0.747,0.718,0.717,0.716,0.715,0.715,0.712,0.714,0.712,0.711,0.713,0.712,0.713,0.712,0.71,0.712,0.71,0.709,0.711,0.712,0.708,0.709,0.71,0.71,0.708,0.705,0.709,0.703,0.707,0.704,0.705,0.704,0.704,0.706,0.706,0.704,0.704,0.705,0.703,0.704,0.703,0.704,0.704,0.703,0.701,0.702,0.702,0.705,0.704,0.701,0.704,0.7,0.699,0.7,0.697,0.699,0.699,0.698,0.697,0.7,0.699,0.695,0.699,0.697,0.695,0.697,0.693,0.694,0.698,0.696,0.692,0.696,0.693,0.693,0.694,0.696,0.696,0.693,0.694,0.693,0.695,0.695,0.695,0.696,0.695,0.695,0.694,0.694,0.685,0.691,0.691,0.688,0.69,0.691,0.682,0.688,0.69,0.688,0.689,0.687,0.691,0.688,0.689,0.686,0.689,0.689,0.688,0.687,0.687,0.69,0.689,0.688,0.689,0.686,0.689,0.686,0.686,0.685,0.687,0.687
,,,,,,,,,,, /,E11,0.729,0.727,0.728,0.725,0.726,0.726,0.723,0.725,0.722,0.723,0.722,0.72,0.721,0.721,0.718,0.72,0.719,0.72,0.717,0.719,0.718,0.718,0.718,0.716,0.715,0.714,0.717,0.713,0.715,0.714,0.713,0.715,0.712,0.715,0.712,0.712,0.714,0.714,0.71,0.711,0.71,0.712,0.712,0.711,0.71,0.707,0.709,0.708,0.708,0.708,0.708,0.706,0.708,0.708,0.704,0.707,0.707,0.706,0.705,0.707,0.703,0.706,0.707,0.703,0.705,0.705,0.702,0.704,0.706,0.704,0.701,0.701,0.703,0.701,0.702,0.703,0.702,0.701,0.702,0.701,0.7,0.7,0.7,0.701,0.7,0.698,0.697,0.697,0.696,0.699,0.699,0.696,0.695,0.696,0.697,0.695,0.696,0.696,0.697,0.694,0.698,0.693,0.696,0.697,0.695,0.695,0.695,0.694,0.693,0.697,0.693,0.694,0.696,0.693,0.695,0.695,0.693,0.695,0.693,0.69
,,,,,,,,,,, /,E12,0.726,0.722,0.721,0.718,0.719,0.719,0.715,0.717,0.714,0.712,0.713,0.71,0.71,0.709,0.709,0.707,0.708,0.706,0.708,0.707,0.707,0.705,0.704,0.705,0.704,0.704,0.707,0.702,0.703,0.703,0.704,0.703,0.702,0.704,0.702,0.701,0.701,0.702,0.699,0.702,0.699,0.701,0.697,0.697,0.695,0.695,0.697,0.699,0.698,0.697,0.698,0.696,0.695,0.699,0.694,0.695,0.694,0.694,0.692,0.698,0.696,0.693,0.695,0.692,0.696,0.695,0.692,0.697,0.694,0.696,0.693,0.693,0.694,0.694,0.694,0.696,0.693,0.691,0.689,0.695,0.693,0.693,0.692,0.691,0.689,0.693,0.69,0.691,0.683,0.692,0.691,0.689,0.687,0.689,0.684,0.687,0.692,0.689,0.691,0.687,0.69,0.688,0.691,0.688,0.689,0.689,0.69,0.69,0.685,0.69,0.687,0.686,0.689,0.686,0.687,0.687,0.686,0.689,0.685,0.685
,,,,,,,,,,,groep 3.1,F1,0.795,0.8,0.798,0.795,0.79,0.785,0.781,0.78,0.777,0.775,0.773,0.772,0.771,0.769,0.767,0.768,0.765,0.764,0.762,0.759,0.76,0.759,0.76,0.758,0.756,0.757,0.753,0.753,0.755,0.754,0.75,0.758,0.754,0.755,0.755,0.753,0.751,0.754,0.751,0.75,0.751,0.754,0.751,0.753,0.75,0.75,0.75,0.75,0.752,0.748,0.745,0.748,0.75,0.748,0.749,0.744,0.747,0.744,0.746,0.744,0.744,0.744,0.742,0.743,0.745,0.746,0.742,0.744,0.745,0.746,0.743,0.744,0.747,0.743,0.744,0.743,0.74,0.742,0.745,0.742,0.741,0.744,0.74,0.741,0.743,0.739,0.739,0.742,0.73,0.739,0.738,0.74,0.74,0.738,0.731,0.736,0.737,0.735,0.736,0.737,0.736,0.739,0.736,0.738,0.739,0.739,0.738,0.734,0.738,0.736,0.737,0.736,0.737,0.735,0.736,0.736,0.734,0.733,0.732,0.733
,,,,,,,,,,,groep 3.1,F2,0.784,0.785,0.787,0.784,0.784,0.783,0.781,0.783,0.781,0.78,0.78,0.777,0.776,0.776,0.776,0.777,0.775,0.778,0.776,0.776,0.777,0.777,0.777,0.776,0.778,0.78,0.779,0.778,0.777,0.778,0.779,0.781,0.781,0.777,0.776,0.778,0.779,0.775,0.776,0.776,0.774,0.775,0.773,0.772,0.772,0.773,0.773,0.771,0.772,0.772,0.772,0.772,0.771,0.774,0.774,0.771,0.772,0.771,0.771,0.772,0.772,0.773,0.772,0.773,0.775,0.773,0.776,0.775,0.773,0.772,0.772,0.771,0.772,0.771,0.767,0.77,0.77,0.77,0.767,0.77,0.767,0.767,0.769,0.769,0.766,0.767,0.767,0.768,0.755,0.77,0.769,0.77,0.768,0.768,0.755,0.767,0.768,0.767,0.768,0.767,0.767,0.769,0.77,0.77,0.77,0.77,0.771,0.77,0.77,0.77,0.768,0.767,0.767,0.766,0.768,0.767,0.768,0.768,0.767,0.766
,,,,,,,,,,,groep 3.1,F3,0.807,0.807,0.809,0.808,0.807,0.806,0.806,0.805,0.805,0.802,0.804,0.802,0.801,0.8,0.801,0.8,0.8,0.799,0.799,0.799,0.8,0.798,0.799,0.799,0.802,0.798,0.798,0.8,0.8,0.8,0.802,0.799,0.8,0.798,0.798,0.797,0.796,0.797,0.798,0.797,0.798,0.796,0.796,0.797,0.795,0.794,0.795,0.794,0.795,0.794,0.794,0.797,0.797,0.795,0.796,0.797,0.795,0.797,0.796,0.796,0.794,0.795,0.798,0.795,0.795,0.794,0.794,0.795,0.794,0.794,0.794,0.791,0.792,0.793,0.793,0.792,0.793,0.793,0.792,0.792,0.792,0.793,0.795,0.791,0.791,0.793,0.791,0.79,0.787,0.794,0.792,0.793,0.792,0.792,0.787,0.792,0.791,0.791,0.79,0.79,0.793,0.79,0.793,0.79,0.79,0.79,0.791,0.791,0.789,0.789,0.786,0.787,0.788,0.789,0.787,0.787,0.787,0.787,0.787,0.788
,,,,,,,,,,,groep 3.1,F4,0.814,0.803,0.801,0.801,0.798,0.796,0.794,0.793,0.791,0.792,0.789,0.789,0.787,0.787,0.787,0.786,0.788,0.785,0.788,0.787,0.786,0.785,0.784,0.782,0.784,0.782,0.781,0.78,0.778,0.777,0.777,0.778,0.775,0.773,0.774,0.772,0.773,0.772,0.77,0.769,0.767,0.767,0.767,0.765,0.763,0.763,0.76,0.762,0.76,0.757,0.752,0.751,0.748,0.749,0.743,0.741,0.738,0.734,0.736,0.728,0.725,0.718,0.716,0.715,0.711,0.703,0.701,0.699,0.693,0.694,0.688,0.687,0.683,0.68,0.68,0.673,0.67,0.665,0.666,0.662,0.659,0.657,0.652,0.649,0.65,0.644,0.641,0.639,0.628,0.632,0.63,0.628,0.626,0.621,0.609,0.618,0.614,0.61,0.606,0.604,0.601,0.6,0.593,0.592,0.592,0.592,0.585,0.581,0.579,0.576,0.574,0.573,0.567,0.564,0.564,0.56,0.558,0.555,0.553,0.55
,,,,,,,,,,,groep 3.2,F5,0.85,0.815,0.813,0.808,0.808,0.807,0.805,0.805,0.805,0.804,0.805,0.806,0.806,0.805,0.805,0.807,0.805,0.805,0.806,0.808,0.804,0.806,0.807,0.806,0.802,0.803,0.802,0.803,0.805,0.801,0.802,0.801,0.802,0.803,0.803,0.803,0.803,0.803,0.803,0.803,0.805,0.803,0.807,0.807,0.808,0.808,0.81,0.808,0.805,0.807,0.807,0.804,0.803,0.803,0.804,0.803,0.802,0.802,0.802,0.8,0.802,0.797,0.796,0.797,0.793,0.793,0.79,0.789,0.791,0.789,0.786,0.79,0.786,0.785,0.785,0.783,0.781,0.781,0.78,0.778,0.778,0.778,0.777,0.777,0.775,0.773,0.775,0.775,0.765,0.772,0.77,0.77,0.771,0.772,0.76,0.769,0.767,0.767,0.769,0.766,0.766,0.767,0.766,0.765,0.764,0.764,0.765,0.764,0.766,0.764,0.766,0.764,0.767,0.763,0.765,0.764,0.764,0.762,0.765,0.763
,,,,,,,,,,,groep 3.2,F6,0.789,0.776,0.774,0.772,0.771,0.772,0.769,0.771,0.769,0.77,0.768,0.767,0.767,0.765,0.765,0.767,0.767,0.767,0.765,0.766,0.767,0.769,0.767,0.768,0.768,0.769,0.767,0.768,0.77,0.767,0.766,0.77,0.769,0.77,0.769,0.771,0.771,0.77,0.773,0.77,0.769,0.771,0.771,0.771,0.772,0.771,0.771,0.771,0.769,0.769,0.769,0.769,0.769,0.769,0.772,0.769,0.769,0.768,0.769,0.769,0.768,0.769,0.768,0.766,0.767,0.767,0.766,0.765,0.766,0.765,0.763,0.764,0.765,0.764,0.763,0.762,0.76,0.763,0.761,0.759,0.758,0.758,0.756,0.758,0.757,0.754,0.754,0.755,0.743,0.753,0.752,0.756,0.754,0.751,0.741,0.752,0.75,0.748,0.748,0.746,0.748,0.75,0.747,0.751,0.748,0.748,0.747,0.746,0.747,0.746,0.747,0.747,0.748,0.744,0.747,0.747,0.744,0.744,0.744,0.743
,,,,,,,,,,,groep 3.2,F7,0.824,0.789,0.787,0.786,0.783,0.785,0.782,0.784,0.784,0.784,0.785,0.784,0.784,0.785,0.785,0.784,0.785,0.784,0.785,0.786,0.787,0.786,0.786,0.786,0.789,0.789,0.79,0.789,0.788,0.789,0.79,0.789,0.789,0.786,0.785,0.786,0.787,0.783,0.784,0.786,0.783,0.782,0.781,0.781,0.779,0.779,0.778,0.776,0.774,0.773,0.773,0.774,0.771,0.77,0.771,0.77,0.768,0.768,0.768,0.768,0.766,0.767,0.766,0.764,0.765,0.761,0.763,0.764,0.759,0.759,0.759,0.759,0.76,0.76,0.755,0.756,0.757,0.755,0.753,0.758,0.753,0.754,0.754,0.751,0.751,0.752,0.749,0.751,0.743,0.752,0.75,0.754,0.749,0.748,0.745,0.748,0.75,0.746,0.748,0.746,0.746,0.747,0.748,0.747,0.746,0.748,0.748,0.746,0.745,0.745,0.745,0.745,0.744,0.743,0.744,0.743,0.745,0.745,0.741,0.741
,,,,,,,,,,,groep 3.2,F8,0.822,0.797,0.795,0.795,0.793,0.792,0.792,0.79,0.789,0.791,0.79,0.792,0.791,0.791,0.791,0.79,0.791,0.789,0.789,0.787,0.789,0.786,0.785,0.784,0.784,0.783,0.78,0.78,0.778,0.777,0.777,0.773,0.773,0.77,0.769,0.768,0.767,0.766,0.765,0.764,0.764,0.761,0.761,0.76,0.758,0.757,0.757,0.757,0.757,0.754,0.754,0.758,0.756,0.753,0.752,0.754,0.753,0.751,0.754,0.752,0.75,0.748,0.753,0.751,0.75,0.748,0.747,0.747,0.748,0.745,0.745,0.746,0.746,0.746,0.746,0.742,0.743,0.742,0.744,0.742,0.744,0.745,0.741,0.74,0.742,0.742,0.738,0.742,0.733,0.741,0.74,0.742,0.741,0.74,0.736,0.742,0.741,0.739,0.737,0.739,0.74,0.739,0.738,0.738,0.738,0.74,0.737,0.737,0.735,0.733,0.733,0.737,0.735,0.734,0.733,0.735,0.732,0.732,0.73,0.733
,,,,,,,,,,, /,F9,0.776,0.757,0.737,0.738,0.738,0.736,0.736,0.733,0.734,0.729,0.731,0.73,0.731,0.732,0.729,0.733,0.729,0.729,0.732,0.728,0.727,0.726,0.727,0.725,0.725,0.726,0.723,0.723,0.725,0.725,0.723,0.722,0.721,0.722,0.724,0.721,0.718,0.721,0.721,0.718,0.719,0.721,0.722,0.721,0.719,0.718,0.719,0.721,0.722,0.722,0.72,0.718,0.72,0.72,0.716,0.718,0.718,0.717,0.718,0.715,0.717,0.714,0.714,0.718,0.715,0.715,0.712,0.713,0.713,0.713,0.714,0.714,0.714,0.711,0.715,0.711,0.711,0.712,0.713,0.712,0.713,0.712,0.711,0.712,0.715,0.71,0.709,0.711,0.706,0.711,0.71,0.711,0.71,0.711,0.704,0.713,0.709,0.711,0.708,0.709,0.708,0.713,0.708,0.708,0.711,0.712,0.708,0.708,0.71,0.705,0.707,0.71,0.709,0.704,0.708,0.708,0.707,0.707,0.709,0.705
,,,,,,,,,,, /,F10,0.736,0.735,0.736,0.734,0.734,0.73,0.732,0.73,0.731,0.725,0.729,0.731,0.727,0.731,0.726,0.73,0.727,0.726,0.727,0.726,0.722,0.723,0.726,0.724,0.722,0.721,0.722,0.717,0.721,0.719,0.717,0.719,0.718,0.722,0.721,0.717,0.718,0.717,0.717,0.716,0.716,0.72,0.717,0.717,0.716,0.715,0.716,0.719,0.716,0.715,0.716,0.712,0.714,0.714,0.712,0.711,0.712,0.711,0.713,0.71,0.712,0.709,0.709,0.711,0.709,0.71,0.707,0.707,0.712,0.71,0.707,0.71,0.709,0.709,0.708,0.708,0.705,0.707,0.709,0.706,0.708,0.708,0.707,0.71,0.71,0.706,0.708,0.71,0.7,0.705,0.706,0.704,0.706,0.706,0.698,0.705,0.706,0.703,0.703,0.702,0.704,0.706,0.701,0.704,0.704,0.704,0.702,0.701,0.703,0.699,0.705,0.703,0.704,0.701,0.703,0.702,0.702,0.7,0.701,0.701
,,,,,,,,,,, /,F11,0.738,0.738,0.738,0.737,0.739,0.737,0.735,0.736,0.736,0.735,0.734,0.733,0.733,0.735,0.732,0.734,0.732,0.736,0.73,0.73,0.729,0.73,0.732,0.729,0.728,0.729,0.73,0.727,0.729,0.73,0.728,0.731,0.727,0.73,0.727,0.728,0.727,0.728,0.726,0.724,0.726,0.729,0.726,0.727,0.725,0.721,0.723,0.723,0.723,0.725,0.722,0.724,0.723,0.723,0.722,0.722,0.722,0.722,0.721,0.721,0.719,0.722,0.722,0.721,0.72,0.722,0.719,0.719,0.721,0.72,0.72,0.718,0.72,0.718,0.718,0.717,0.717,0.717,0.718,0.718,0.717,0.717,0.716,0.716,0.717,0.714,0.712,0.713,0.711,0.716,0.714,0.715,0.713,0.711,0.712,0.713,0.712,0.712,0.711,0.711,0.712,0.712,0.71,0.713,0.711,0.712,0.713,0.709,0.71,0.71,0.709,0.709,0.71,0.709,0.71,0.708,0.708,0.709,0.707,0.706
,,,,,,,,,,, /,F12,0.728,0.729,0.726,0.727,0.727,0.724,0.725,0.723,0.721,0.719,0.719,0.72,0.719,0.721,0.72,0.718,0.717,0.717,0.718,0.712,0.716,0.713,0.714,0.714,0.714,0.713,0.714,0.71,0.711,0.715,0.712,0.711,0.71,0.714,0.711,0.709,0.709,0.711,0.707,0.708,0.71,0.709,0.706,0.708,0.706,0.705,0.706,0.708,0.707,0.705,0.706,0.706,0.705,0.707,0.704,0.705,0.703,0.703,0.703,0.706,0.704,0.702,0.703,0.705,0.705,0.702,0.701,0.703,0.702,0.704,0.704,0.704,0.703,0.702,0.702,0.703,0.702,0.699,0.698,0.702,0.701,0.7,0.698,0.699,0.698,0.7,0.696,0.699,0.691,0.697,0.697,0.698,0.696,0.696,0.693,0.697,0.699,0.696,0.695,0.695,0.696,0.696,0.697,0.698,0.696,0.696,0.699,0.696,0.693,0.696,0.696,0.694,0.694,0.693,0.693,0.695,0.693,0.694,0.691,0.692
,,,,,,,,,,,groep 3.1,G1,0.752,0.758,0.76,0.758,0.757,0.755,0.754,0.753,0.752,0.752,0.751,0.751,0.753,0.751,0.749,0.752,0.75,0.751,0.749,0.75,0.752,0.751,0.752,0.752,0.753,0.753,0.753,0.754,0.756,0.754,0.754,0.757,0.757,0.756,0.755,0.756,0.755,0.756,0.755,0.753,0.753,0.754,0.754,0.754,0.754,0.752,0.752,0.75,0.751,0.75,0.748,0.749,0.752,0.752,0.75,0.748,0.749,0.748,0.748,0.748,0.747,0.748,0.747,0.747,0.749,0.747,0.749,0.748,0.749,0.748,0.746,0.745,0.747,0.746,0.746,0.746,0.744,0.746,0.746,0.746,0.745,0.745,0.745,0.746,0.746,0.744,0.745,0.744,0.737,0.745,0.745,0.744,0.744,0.745,0.738,0.744,0.745,0.745,0.745,0.746,0.745,0.745,0.745,0.746,0.748,0.746,0.746,0.746,0.746,0.747,0.746,0.746,0.747,0.745,0.746,0.745,0.746,0.745,0.745,0.744
,,,,,,,,,,,groep 3.1,G2,0.745,0.751,0.751,0.748,0.747,0.745,0.744,0.744,0.741,0.739,0.74,0.738,0.738,0.736,0.736,0.737,0.735,0.738,0.735,0.735,0.736,0.735,0.736,0.735,0.737,0.736,0.736,0.734,0.735,0.736,0.737,0.737,0.736,0.734,0.733,0.734,0.735,0.734,0.734,0.734,0.733,0.734,0.733,0.733,0.733,0.734,0.733,0.732,0.732,0.733,0.733,0.734,0.734,0.735,0.734,0.733,0.732,0.732,0.732,0.733,0.732,0.733,0.733,0.732,0.735,0.732,0.735,0.734,0.733,0.732,0.732,0.731,0.732,0.731,0.73,0.731,0.731,0.731,0.731,0.733,0.731,0.73,0.732,0.731,0.73,0.731,0.731,0.731,0.728,0.732,0.732,0.731,0.731,0.731,0.728,0.732,0.732,0.732,0.731,0.731,0.732,0.731,0.733,0.733,0.734,0.734,0.734,0.734,0.732,0.734,0.733,0.732,0.733,0.733,0.733,0.732,0.733,0.734,0.733,0.733
,,,,,,,,,,,groep 3.1,G3,0.753,0.757,0.758,0.757,0.76,0.755,0.756,0.753,0.753,0.752,0.752,0.752,0.752,0.751,0.75,0.75,0.749,0.75,0.749,0.749,0.751,0.748,0.749,0.749,0.751,0.747,0.747,0.748,0.748,0.748,0.749,0.747,0.748,0.746,0.746,0.745,0.744,0.745,0.746,0.746,0.747,0.746,0.746,0.747,0.745,0.745,0.745,0.745,0.746,0.746,0.746,0.748,0.749,0.749,0.748,0.749,0.748,0.749,0.749,0.748,0.747,0.747,0.75,0.748,0.748,0.747,0.747,0.748,0.747,0.746,0.746,0.743,0.744,0.744,0.745,0.743,0.745,0.744,0.744,0.745,0.745,0.746,0.746,0.744,0.744,0.744,0.744,0.743,0.74,0.745,0.745,0.744,0.743,0.744,0.74,0.745,0.744,0.744,0.743,0.743,0.745,0.742,0.745,0.743,0.744,0.744,0.743,0.744,0.743,0.742,0.74,0.742,0.742,0.742,0.741,0.74,0.741,0.741,0.741,0.742
,,,,,,,,,,,groep 3.1,G4,0.77,0.765,0.75,0.751,0.752,0.751,0.751,0.75,0.749,0.748,0.747,0.747,0.747,0.746,0.745,0.745,0.745,0.745,0.745,0.744,0.743,0.742,0.742,0.74,0.741,0.739,0.739,0.737,0.737,0.737,0.736,0.736,0.736,0.735,0.735,0.734,0.734,0.735,0.734,0.733,0.732,0.732,0.732,0.731,0.731,0.731,0.731,0.731,0.73,0.731,0.73,0.729,0.729,0.731,0.729,0.728,0.729,0.728,0.73,0.728,0.728,0.726,0.727,0.726,0.726,0.724,0.725,0.726,0.725,0.726,0.724,0.725,0.724,0.724,0.725,0.724,0.724,0.723,0.724,0.723,0.724,0.724,0.723,0.723,0.724,0.723,0.723,0.722,0.72,0.722,0.722,0.722,0.721,0.721,0.718,0.721,0.721,0.72,0.72,0.72,0.72,0.719,0.718,0.719,0.72,0.72,0.717,0.718,0.717,0.718,0.717,0.717,0.717,0.716,0.716,0.715,0.715,0.715,0.716,0.715
,,,,,,,,,,,groep 3.2,G5,0.804,0.788,0.774,0.77,0.769,0.766,0.764,0.764,0.761,0.76,0.76,0.759,0.758,0.757,0.756,0.759,0.757,0.758,0.758,0.758,0.758,0.759,0.761,0.76,0.759,0.759,0.759,0.76,0.762,0.76,0.761,0.761,0.762,0.762,0.761,0.763,0.763,0.763,0.763,0.762,0.762,0.759,0.76,0.76,0.761,0.76,0.761,0.759,0.756,0.758,0.756,0.754,0.753,0.752,0.752,0.751,0.75,0.749,0.749,0.748,0.747,0.745,0.744,0.744,0.744,0.743,0.741,0.741,0.743,0.741,0.739,0.741,0.739,0.739,0.737,0.738,0.737,0.737,0.736,0.735,0.736,0.735,0.735,0.736,0.734,0.733,0.734,0.734,0.727,0.731,0.731,0.73,0.731,0.73,0.724,0.73,0.729,0.728,0.729,0.727,0.727,0.726,0.726,0.728,0.726,0.726,0.726,0.726,0.726,0.726,0.726,0.726,0.728,0.724,0.726,0.725,0.725,0.724,0.724,0.723
,,,,,,,,,,,groep 3.2,G6,0.752,0.743,0.743,0.74,0.739,0.738,0.735,0.737,0.735,0.736,0.736,0.734,0.734,0.733,0.733,0.734,0.734,0.735,0.733,0.734,0.735,0.735,0.736,0.736,0.738,0.737,0.736,0.736,0.737,0.737,0.735,0.737,0.735,0.735,0.734,0.736,0.736,0.737,0.736,0.736,0.736,0.736,0.734,0.735,0.736,0.734,0.735,0.735,0.733,0.734,0.734,0.735,0.736,0.736,0.737,0.737,0.737,0.738,0.738,0.74,0.739,0.741,0.741,0.74,0.742,0.742,0.743,0.744,0.744,0.743,0.743,0.743,0.743,0.744,0.742,0.743,0.742,0.743,0.742,0.742,0.74,0.741,0.742,0.741,0.741,0.741,0.741,0.74,0.737,0.74,0.74,0.74,0.738,0.738,0.734,0.737,0.737,0.736,0.735,0.734,0.734,0.732,0.733,0.734,0.732,0.732,0.731,0.731,0.73,0.731,0.729,0.729,0.73,0.728,0.729,0.727,0.727,0.727,0.725,0.724
,,,,,,,,,,,groep 3.2,G7,0.757,0.751,0.75,0.752,0.752,0.749,0.745,0.745,0.744,0.743,0.744,0.743,0.744,0.743,0.742,0.741,0.741,0.742,0.743,0.743,0.744,0.742,0.744,0.744,0.746,0.744,0.744,0.745,0.745,0.745,0.745,0.744,0.743,0.742,0.741,0.742,0.742,0.742,0.742,0.743,0.742,0.741,0.741,0.743,0.742,0.743,0.742,0.743,0.742,0.743,0.744,0.745,0.745,0.745,0.746,0.747,0.746,0.747,0.748,0.748,0.746,0.746,0.747,0.744,0.745,0.743,0.744,0.744,0.742,0.741,0.741,0.739,0.74,0.74,0.738,0.739,0.739,0.737,0.735,0.736,0.735,0.734,0.735,0.733,0.732,0.732,0.732,0.73,0.727,0.73,0.73,0.73,0.727,0.727,0.724,0.726,0.728,0.726,0.725,0.726,0.725,0.722,0.725,0.724,0.723,0.723,0.723,0.723,0.721,0.722,0.72,0.72,0.719,0.719,0.719,0.718,0.718,0.717,0.716,0.717
,,,,,,,,,,,groep 3.2,G8,0.775,0.758,0.744,0.742,0.74,0.739,0.738,0.737,0.736,0.737,0.736,0.738,0.738,0.737,0.736,0.737,0.737,0.737,0.738,0.738,0.74,0.739,0.739,0.74,0.742,0.74,0.739,0.741,0.741,0.74,0.74,0.74,0.74,0.739,0.738,0.739,0.739,0.741,0.74,0.74,0.741,0.74,0.742,0.742,0.743,0.743,0.743,0.743,0.743,0.743,0.743,0.745,0.745,0.744,0.742,0.743,0.743,0.742,0.743,0.743,0.742,0.741,0.742,0.74,0.741,0.739,0.738,0.738,0.738,0.737,0.735,0.735,0.733,0.734,0.733,0.733,0.732,0.73,0.731,0.729,0.729,0.729,0.727,0.726,0.726,0.726,0.725,0.724,0.722,0.722,0.721,0.72,0.72,0.719,0.717,0.719,0.718,0.717,0.715,0.715,0.716,0.712,0.713,0.712,0.712,0.712,0.709,0.709,0.707,0.707,0.705,0.706,0.706,0.705,0.702,0.702,0.702,0.701,0.7,0.7
,,,,,,,,,,, /,G9,0.777,0.782,0.776,0.753,0.721,0.715,0.713,0.712,0.711,0.711,0.71,0.71,0.711,0.709,0.708,0.71,0.708,0.708,0.708,0.706,0.706,0.705,0.705,0.704,0.705,0.703,0.703,0.703,0.704,0.702,0.702,0.701,0.7,0.7,0.7,0.699,0.7,0.7,0.7,0.699,0.699,0.697,0.698,0.698,0.698,0.698,0.698,0.698,0.697,0.698,0.697,0.695,0.697,0.696,0.696,0.696,0.696,0.695,0.695,0.695,0.695,0.694,0.694,0.694,0.694,0.693,0.694,0.693,0.693,0.693,0.692,0.692,0.691,0.692,0.693,0.693,0.691,0.691,0.691,0.691,0.691,0.691,0.691,0.691,0.691,0.69,0.691,0.69,0.688,0.69,0.69,0.688,0.688,0.689,0.686,0.689,0.688,0.69,0.688,0.688,0.688,0.688,0.687,0.687,0.688,0.687,0.687,0.687,0.686,0.687,0.686,0.686,0.687,0.685,0.686,0.686,0.685,0.686,0.686,0.685
,,,,,,,,,,, /,G10,0.71,0.71,0.71,0.709,0.709,0.707,0.706,0.706,0.704,0.704,0.704,0.704,0.704,0.702,0.701,0.703,0.701,0.701,0.7,0.7,0.7,0.699,0.699,0.699,0.699,0.698,0.698,0.696,0.697,0.696,0.696,0.696,0.695,0.695,0.694,0.694,0.695,0.694,0.694,0.693,0.694,0.693,0.692,0.692,0.693,0.693,0.692,0.692,0.691,0.691,0.692,0.69,0.691,0.691,0.69,0.69,0.69,0.69,0.69,0.69,0.69,0.689,0.689,0.688,0.689,0.688,0.689,0.688,0.689,0.688,0.686,0.687,0.687,0.688,0.686,0.688,0.686,0.687,0.687,0.686,0.686,0.687,0.686,0.687,0.687,0.686,0.686,0.686,0.684,0.684,0.686,0.683,0.684,0.685,0.682,0.684,0.684,0.684,0.683,0.683,0.684,0.682,0.683,0.683,0.684,0.683,0.682,0.683,0.682,0.682,0.683,0.682,0.683,0.681,0.682,0.682,0.682,0.681,0.681,0.681
,,,,,,,,,,, /,G11,0.714,0.714,0.713,0.712,0.712,0.712,0.712,0.711,0.71,0.711,0.71,0.71,0.709,0.709,0.708,0.708,0.707,0.708,0.707,0.707,0.707,0.706,0.707,0.705,0.706,0.705,0.706,0.705,0.705,0.704,0.705,0.704,0.703,0.703,0.701,0.702,0.702,0.701,0.701,0.7,0.7,0.7,0.699,0.7,0.699,0.698,0.698,0.697,0.697,0.697,0.697,0.697,0.697,0.696,0.696,0.696,0.695,0.694,0.695,0.695,0.693,0.694,0.694,0.692,0.694,0.692,0.693,0.694,0.693,0.692,0.691,0.69,0.69,0.691,0.69,0.691,0.69,0.69,0.689,0.69,0.689,0.689,0.689,0.688,0.688,0.688,0.688,0.686,0.685,0.687,0.687,0.686,0.685,0.685,0.684,0.685,0.685,0.685,0.684,0.684,0.685,0.683,0.684,0.684,0.684,0.683,0.683,0.683,0.682,0.683,0.681,0.681,0.682,0.682,0.681,0.681,0.681,0.681,0.68,0.679
,,,,,,,,,,, /,G12,0.712,0.713,0.712,0.711,0.71,0.71,0.709,0.708,0.706,0.707,0.705,0.706,0.705,0.705,0.704,0.704,0.703,0.703,0.703,0.701,0.703,0.702,0.702,0.702,0.703,0.701,0.701,0.701,0.701,0.701,0.701,0.699,0.7,0.699,0.699,0.697,0.699,0.698,0.698,0.697,0.698,0.696,0.697,0.697,0.696,0.696,0.696,0.695,0.695,0.695,0.695,0.696,0.695,0.696,0.694,0.694,0.693,0.694,0.693,0.695,0.693,0.692,0.693,0.692,0.694,0.691,0.692,0.692,0.692,0.692,0.691,0.69,0.691,0.69,0.691,0.69,0.69,0.688,0.688,0.689,0.689,0.689,0.689,0.688,0.687,0.687,0.687,0.687,0.686,0.686,0.686,0.685,0.684,0.685,0.685,0.686,0.686,0.686,0.684,0.685,0.685,0.683,0.685,0.684,0.684,0.684,0.684,0.684,0.681,0.683,0.682,0.682,0.682,0.682,0.681,0.681,0.681,0.682,0.68,0.681
,,,,,,,,,,,groep 3.1,H1,0.786,0.782,0.781,0.779,0.779,0.778,0.776,0.775,0.773,0.771,0.769,0.768,0.765,0.763,0.758,0.757,0.754,0.75,0.746,0.742,0.738,0.732,0.728,0.721,0.716,0.711,0.704,0.697,0.691,0.681,0.675,0.67,0.663,0.656,0.65,0.643,0.638,0.633,0.625,0.621,0.615,0.609,0.604,0.599,0.597,0.59,0.588,0.579,0.577,0.573,0.565,0.567,0.564,0.559,0.556,0.55,0.548,0.545,0.54,0.541,0.536,0.537,0.532,0.527,0.525,0.526,0.523,0.52,0.517,0.517,0.514,0.511,0.511,0.509,0.508,0.505,0.504,0.504,0.501,0.498,0.497,0.495,0.493,0.493,0.491,0.489,0.489,0.487,0.482,0.484,0.484,0.482,0.481,0.48,0.473,0.477,0.476,0.475,0.474,0.474,0.473,0.472,0.472,0.468,0.47,0.467,0.468,0.465,0.464,0.467,0.463,0.464,0.464,0.463,0.462,0.46,0.458,0.46,0.459,0.458
,,,,,,,,,,,groep 3.1,H2,0.764,0.76,0.76,0.758,0.757,0.754,0.752,0.75,0.749,0.747,0.747,0.746,0.743,0.743,0.741,0.741,0.74,0.74,0.738,0.737,0.736,0.734,0.735,0.732,0.732,0.732,0.732,0.729,0.728,0.727,0.728,0.726,0.725,0.724,0.724,0.723,0.723,0.723,0.722,0.722,0.721,0.719,0.718,0.718,0.719,0.718,0.717,0.717,0.717,0.716,0.716,0.716,0.714,0.715,0.714,0.715,0.714,0.714,0.712,0.714,0.712,0.712,0.712,0.712,0.713,0.711,0.712,0.712,0.711,0.711,0.71,0.71,0.71,0.71,0.709,0.709,0.709,0.707,0.708,0.709,0.708,0.709,0.707,0.708,0.708,0.707,0.706,0.707,0.706,0.707,0.705,0.707,0.706,0.706,0.705,0.706,0.704,0.704,0.704,0.704,0.704,0.704,0.704,0.704,0.704,0.705,0.704,0.703,0.704,0.703,0.702,0.702,0.702,0.702,0.702,0.702,0.702,0.701,0.7,0.7
,,,,,,,,,,,groep 3.1,H3,0.779,0.774,0.769,0.767,0.766,0.764,0.763,0.76,0.759,0.757,0.757,0.756,0.753,0.754,0.751,0.75,0.749,0.748,0.747,0.746,0.745,0.742,0.742,0.74,0.74,0.739,0.738,0.737,0.737,0.735,0.736,0.734,0.734,0.732,0.732,0.731,0.731,0.731,0.73,0.73,0.73,0.728,0.728,0.728,0.728,0.726,0.726,0.727,0.727,0.725,0.726,0.725,0.725,0.725,0.724,0.725,0.725,0.725,0.723,0.723,0.722,0.721,0.723,0.723,0.722,0.72,0.72,0.721,0.72,0.72,0.719,0.719,0.719,0.719,0.719,0.717,0.718,0.717,0.717,0.717,0.718,0.719,0.717,0.716,0.717,0.716,0.715,0.716,0.714,0.716,0.715,0.716,0.715,0.715,0.713,0.716,0.713,0.713,0.714,0.713,0.714,0.714,0.713,0.714,0.713,0.714,0.713,0.712,0.714,0.711,0.71,0.711,0.711,0.71,0.71,0.71,0.711,0.71,0.709,0.709
,,,,,,,,,,,groep 3.1,H4,0.757,0.761,0.761,0.758,0.754,0.749,0.745,0.743,0.741,0.738,0.738,0.738,0.736,0.735,0.733,0.733,0.732,0.731,0.73,0.729,0.728,0.726,0.726,0.724,0.724,0.724,0.724,0.721,0.721,0.719,0.72,0.72,0.719,0.719,0.717,0.716,0.717,0.718,0.716,0.716,0.714,0.713,0.713,0.713,0.714,0.712,0.712,0.713,0.712,0.711,0.711,0.709,0.708,0.71,0.709,0.708,0.709,0.707,0.707,0.707,0.706,0.704,0.704,0.705,0.705,0.702,0.702,0.703,0.702,0.702,0.7,0.701,0.701,0.7,0.7,0.698,0.697,0.696,0.697,0.696,0.696,0.697,0.694,0.695,0.695,0.693,0.693,0.694,0.691,0.692,0.69,0.692,0.692,0.691,0.688,0.689,0.687,0.687,0.687,0.686,0.686,0.686,0.684,0.685,0.685,0.684,0.682,0.681,0.682,0.68,0.68,0.679,0.68,0.678,0.678,0.677,0.677,0.676,0.675,0.674
,,,,,,,,,,,groep 3.2,H5,0.741,0.74,0.741,0.737,0.738,0.737,0.735,0.735,0.734,0.732,0.732,0.731,0.729,0.731,0.728,0.73,0.728,0.728,0.727,0.726,0.725,0.726,0.726,0.724,0.723,0.724,0.724,0.723,0.723,0.721,0.722,0.722,0.722,0.721,0.721,0.721,0.722,0.721,0.721,0.722,0.721,0.719,0.718,0.719,0.721,0.72,0.72,0.721,0.719,0.719,0.719,0.717,0.716,0.718,0.718,0.718,0.718,0.718,0.716,0.717,0.716,0.715,0.715,0.716,0.717,0.715,0.715,0.715,0.717,0.715,0.714,0.716,0.716,0.715,0.714,0.714,0.713,0.713,0.713,0.713,0.714,0.714,0.712,0.715,0.713,0.712,0.712,0.714,0.708,0.713,0.711,0.712,0.711,0.711,0.707,0.711,0.709,0.708,0.71,0.709,0.708,0.709,0.708,0.71,0.709,0.709,0.709,0.708,0.709,0.708,0.709,0.708,0.709,0.706,0.709,0.708,0.709,0.707,0.705,0.706
,,,,,,,,,,,groep 3.2,H6,0.725,0.726,0.726,0.726,0.725,0.724,0.722,0.722,0.721,0.721,0.72,0.72,0.719,0.72,0.719,0.72,0.72,0.72,0.719,0.719,0.72,0.719,0.72,0.719,0.72,0.721,0.72,0.72,0.721,0.72,0.72,0.721,0.72,0.719,0.719,0.72,0.72,0.722,0.72,0.722,0.721,0.721,0.72,0.721,0.723,0.721,0.721,0.723,0.722,0.722,0.723,0.722,0.723,0.724,0.723,0.725,0.725,0.725,0.724,0.726,0.725,0.725,0.726,0.726,0.727,0.725,0.726,0.727,0.727,0.727,0.727,0.727,0.728,0.728,0.728,0.727,0.727,0.727,0.728,0.728,0.728,0.729,0.728,0.728,0.729,0.728,0.727,0.728,0.727,0.729,0.727,0.73,0.728,0.728,0.727,0.728,0.727,0.726,0.727,0.726,0.726,0.726,0.726,0.726,0.725,0.725,0.724,0.724,0.725,0.723,0.723,0.722,0.723,0.72,0.721,0.72,0.721,0.719,0.717,0.717
,,,,,,,,,,,groep 3.2,H7,0.733,0.73,0.734,0.735,0.734,0.733,0.734,0.732,0.732,0.73,0.731,0.732,0.73,0.731,0.729,0.728,0.728,0.728,0.728,0.727,0.728,0.726,0.726,0.726,0.726,0.726,0.726,0.725,0.726,0.724,0.725,0.724,0.724,0.723,0.723,0.722,0.723,0.723,0.722,0.723,0.722,0.72,0.72,0.72,0.721,0.72,0.72,0.72,0.72,0.719,0.72,0.718,0.718,0.718,0.718,0.719,0.719,0.719,0.719,0.719,0.717,0.717,0.717,0.717,0.717,0.716,0.716,0.717,0.716,0.715,0.715,0.716,0.716,0.715,0.715,0.714,0.715,0.712,0.713,0.714,0.714,0.714,0.713,0.714,0.713,0.712,0.711,0.712,0.709,0.713,0.711,0.712,0.711,0.711,0.709,0.711,0.71,0.709,0.71,0.71,0.71,0.71,0.71,0.71,0.71,0.711,0.71,0.709,0.71,0.708,0.709,0.709,0.708,0.707,0.708,0.708,0.707,0.706,0.705,0.706
,,,,,,,,,,,groep 3.2,H8,0.743,0.743,0.742,0.743,0.743,0.742,0.741,0.739,0.739,0.738,0.737,0.738,0.736,0.737,0.735,0.735,0.734,0.734,0.733,0.733,0.733,0.732,0.732,0.731,0.731,0.731,0.73,0.73,0.73,0.728,0.729,0.728,0.728,0.728,0.728,0.727,0.727,0.729,0.726,0.727,0.727,0.726,0.726,0.725,0.727,0.726,0.725,0.725,0.725,0.724,0.725,0.724,0.723,0.724,0.723,0.723,0.724,0.723,0.723,0.723,0.722,0.721,0.722,0.722,0.722,0.72,0.72,0.721,0.721,0.72,0.719,0.72,0.719,0.719,0.72,0.718,0.718,0.717,0.718,0.718,0.718,0.719,0.717,0.718,0.718,0.717,0.716,0.717,0.716,0.717,0.715,0.716,0.716,0.716,0.715,0.716,0.714,0.714,0.714,0.714,0.714,0.713,0.713,0.714,0.714,0.714,0.712,0.712,0.713,0.712,0.712,0.712,0.712,0.71,0.71,0.711,0.711,0.711,0.709,0.71
,,,,,,,,,,, /,H9,0.722,0.719,0.717,0.716,0.716,0.715,0.714,0.712,0.712,0.711,0.71,0.71,0.71,0.71,0.708,0.709,0.708,0.708,0.707,0.707,0.706,0.706,0.706,0.704,0.704,0.704,0.704,0.703,0.704,0.702,0.702,0.701,0.701,0.701,0.701,0.7,0.7,0.701,0.699,0.701,0.7,0.698,0.699,0.698,0.699,0.698,0.699,0.699,0.699,0.698,0.698,0.696,0.697,0.697,0.696,0.697,0.697,0.697,0.695,0.697,0.696,0.694,0.695,0.696,0.696,0.694,0.694,0.694,0.694,0.693,0.693,0.694,0.694,0.693,0.694,0.693,0.692,0.691,0.691,0.692,0.692,0.692,0.691,0.692,0.692,0.691,0.69,0.692,0.688,0.692,0.69,0.691,0.691,0.691,0.688,0.691,0.688,0.689,0.689,0.688,0.688,0.689,0.688,0.688,0.689,0.689,0.688,0.687,0.688,0.687,0.688,0.687,0.688,0.685,0.687,0.687,0.686,0.686,0.685,0.685
,,,,,,,,,,, /,H10,0.723,0.72,0.719,0.718,0.718,0.717,0.715,0.715,0.713,0.712,0.712,0.713,0.712,0.712,0.709,0.71,0.709,0.709,0.708,0.708,0.708,0.706,0.707,0.705,0.705,0.705,0.706,0.704,0.705,0.703,0.704,0.703,0.703,0.703,0.703,0.701,0.702,0.702,0.701,0.702,0.701,0.701,0.7,0.699,0.701,0.7,0.7,0.701,0.7,0.699,0.7,0.698,0.698,0.699,0.698,0.699,0.698,0.699,0.698,0.699,0.697,0.696,0.696,0.698,0.698,0.695,0.696,0.696,0.697,0.696,0.695,0.696,0.696,0.696,0.695,0.695,0.693,0.693,0.694,0.693,0.693,0.695,0.693,0.694,0.694,0.693,0.692,0.693,0.693,0.693,0.692,0.692,0.693,0.692,0.692,0.692,0.691,0.69,0.69,0.69,0.69,0.691,0.69,0.69,0.69,0.69,0.69,0.689,0.69,0.689,0.689,0.689,0.689,0.688,0.688,0.688,0.689,0.687,0.687,0.687
,,,,,,,,,,, /,H11,0.727,0.726,0.725,0.724,0.723,0.723,0.722,0.721,0.721,0.72,0.72,0.721,0.719,0.721,0.718,0.718,0.718,0.718,0.717,0.717,0.717,0.715,0.717,0.715,0.715,0.716,0.717,0.715,0.715,0.714,0.715,0.714,0.713,0.713,0.713,0.712,0.713,0.714,0.712,0.713,0.712,0.711,0.711,0.711,0.712,0.71,0.711,0.711,0.711,0.71,0.711,0.71,0.71,0.71,0.708,0.71,0.71,0.71,0.708,0.71,0.708,0.708,0.708,0.708,0.709,0.707,0.707,0.708,0.708,0.706,0.706,0.707,0.707,0.706,0.706,0.705,0.705,0.704,0.704,0.705,0.705,0.705,0.704,0.704,0.705,0.703,0.703,0.704,0.701,0.704,0.702,0.703,0.702,0.702,0.701,0.702,0.7,0.701,0.701,0.701,0.701,0.701,0.7,0.7,0.7,0.7,0.7,0.699,0.7,0.699,0.698,0.698,0.699,0.698,0.698,0.697,0.698,0.697,0.695,0.696
,,,,,,,,,,, /,H12,0.719,0.718,0.716,0.715,0.715,0.714,0.713,0.713,0.711,0.711,0.71,0.711,0.709,0.71,0.709,0.709,0.709,0.708,0.708,0.706,0.707,0.706,0.705,0.704,0.704,0.704,0.705,0.703,0.703,0.701,0.703,0.701,0.701,0.701,0.701,0.699,0.7,0.7,0.699,0.7,0.7,0.698,0.698,0.698,0.699,0.697,0.697,0.698,0.697,0.696,0.697,0.696,0.695,0.698,0.695,0.696,0.695,0.696,0.694,0.696,0.695,0.693,0.694,0.694,0.695,0.692,0.693,0.693,0.693,0.693,0.692,0.693,0.693,0.692,0.693,0.691,0.691,0.689,0.69,0.691,0.692,0.692,0.689,0.691,0.69,0.689,0.688,0.69,0.689,0.689,0.688,0.69,0.688,0.688,0.689,0.689,0.687,0.688,0.688,0.687,0.687,0.687,0.687,0.687,0.687,0.688,0.687,0.686,0.686,0.685,0.686,0.685,0.686,0.684,0.685,0.685,0.685,0.685,0.683,0.684
